PROMOTOR-GESTOR,ACCES,TIPUS VELOCITAT,TIPUS CONNEXIÓ,LATITUD,LONGITUD,DESIGNACIÓ-DESCRIPTIVA,POTENCIA,TIPUS DE CORRENT,INDENTIFICADOR,ADREÇA,PROVINCIA,CODIPROV,MUNICIPI,NPLACES ESTACIÓ,TIPUS VEHICLE,Columna amb georeferència,LIMADM_MUNICIPI,LIMADM COMARCA
B:SM Serveis Municipals,APARCAMENT PUBLIC,NORMAL,Schuko,41.401478,2.156578,B:SM 56 - Plaça del Sol,,,BAMSA001,"Plaça del Sol, 5",Barcelona,8,Barcelona,1,cotxe,POINT (2.156578 41.401478),512,29
,,semiRAPID,TESLA i MENNEKES,41.40548,2.19148,CC Glories (22kW),22,AC,,Avinguda Diagonal 208,Barcelona,8,Barcelona,14,,POINT (2.19148 41.40548),512,29
,,,MENNEKES.F,41.08438,1.036,EdRsR Cooperativa de Cambrils (AC22kW),22,AC,,"Carretera de Cambrils - Montbrió, km 2",Tarragona,43,Cambrils,2,,POINT (1.036 41.08438),158,39
,,semiRAPID,2xMENNEKES.F,41.079048,1.132352,EdRsR Salou (AC22kW),22,AC,,"Avinguda Roma,11",Tarragona,43,Salou,,,POINT (1.132352 41.079048),160,37
MERCABARNA,VIA PUBLICA,RAPID,CCS Combo2+ChadeMO+MENNEKES.M,41.33003,2.11496,EdRR- Mercabarna (DC50kW AC43kW),50,AC-DC,FC013,Aparcament Mercabarna,Barcelona,8,Barcelona,1,cotxe,POINT (2.11496 41.33003),512,29
PETREM,ESTACIÓ DE SERVEI,RAPID,CCS Combo2+ChadeMO+MENNEKES.M,41.98951,2.79539,EdRR E.S. PETREM ECO Girona (DC50kW AC43kW),50,AC-DC,,"Carretera Antiga d'Amer, 1",Girona,17,Girona,2,cotxe,POINT (2.79539 41.98951),133,14
InterAparcament,APARCAMENT PUBLIC,NORMAL,Schuko,41.378017,2.176001,105 InterAparcament Rambla Plç.Colon,,,,"Rambla de Santa Mònica, 20",Barcelona,8,Barcelona,2,cotxe,POINT (2.176001 41.378017),512,29
Endesa,VIA PUBLICA,NORMAL,Schuko,41.397507,2.119605,05 AjBCN-Endesa Domínguez Miralles- J.V.Foix,,,LC030,"Avinguda Josep Vicenç Foix, 86",Barcelona,8,Barcelona,2,moto,POINT (2.119605 41.397507),512,29
Institut Català d'Energia i Ajuntament de Reus,VIA PUBLICA,RAPID,CCS Combo2+ChadeMO+MENNEKES.M,41.15799,1.10527,EdRR Reus Pl.Llibertat (DC50kW AC43kW),50,AC-DC,PIRVEC-3,"Carrer Ample, 2",Tarragona,43,Reus,2,cotxe,POINT (1.10527 41.15799),421,39
Generalitat de Catalunya,Aparcament Estació,NORMAL,Schuko,41.53044,2.08878,Intercanviador FGC Sant Quirze,,,FGCSQZE,Carretera de Molins de Rei - Avinguda Països Catalans,Barcelona,8,SANT QUIRZE DEL VALLÈS,2,cotxe i moto,POINT (2.08878 41.53044),914,26
Ajuntament Cambrils,VIA PUBLICA,NORMAL,MENNEKES.F+Schuko,41.07451,1.0526,Cambrils 2 (3.6kW),,,,Plaça de la Vila,Tarragona,43,Cambrils,2,cotxe i moto,POINT (1.0526 41.07451),158,39
Endesa,VIA PUBLICA,NORMAL,Schuko,41.41396,2.142913,01 AjBCN-Endesa-Clinica Delfos,,,LC015,"Avinguda de Vallcarca, 154",Barcelona,8,Barcelona,2,moto,POINT (2.142913 41.41396),512,29
Institut Català d'Energia i Ajuntament de Lleida,VIA PUBLICA,RAPID,CCS Combo2+ChadeMO+MENNEKES.M,41.60766,0.62231,EdRR Lleida (DC50kW AC43kW),50,AC-DC,PIRVEC-8,"Carrer Jaume II, 73",Lleida,25,Lleida,2,cotxe,POINT (0.62231 41.60766),875,21
,,semiRAPID,2xMENNEKES.F,41.54151,1.89236,EdRsR Olesa 1 (AC22kW),22,AC,,"Carrer d'Alfons Sala, 88",Barcelona,8,Olesa de Montserrat,,,POINT (1.89236 41.54151),699,31
CC Anec Blau,APARCAMENT CC,NORMAL,Schuko,41.283698,1.98725,CC Anec Blau,,,,"Rotonda Can Rabadà, 16",Barcelona,8,Castelldefels,1,cotxe i moto,POINT (1.98725 41.283698),539,31
BIMSA,VIA PUBLICA,NORMAL,Schuko,41.393228,2.145784,Lateral-Muntanya Diagonal (Travessera Gràcia) 2,,,LC048,"Avinguda Diagonal, 598",Barcelona,8,Barcelona,2,moto,POINT (2.145784 41.393228),512,29
SOFOS ENERGIA,APARCAMENT PRIVAT,NORMAL,Schuko,41.614821,0.684832,P.I. CIM-Els Frares SOFOS ENERGIA,,,,"Poligon CIM-Els Frares , Vial A , Nau 5",Lleida,25,Lleida,1,,POINT (0.684832 41.614821),875,21
TESLA,APARCAMENT HOTEL,semiRAPID,TESLA,42.27591,2.95365,TESLA Destinació - Hotel Empordà Figueres (11kW),11,AC,,"Avinguda de Salvador Dalí i Domènech, 170",Girona,17,Figueres,1,cotxe,POINT (2.95365 42.27591),191,6
,,semiRAPID i NORMAL,MENNEKES.F+Schuko,41.18305,0.56667,EdRsR Ascó-Unió (AC22kW),22,AC,,"Carrer Unió, 8",Tarragona,43,Ascó,2,cotxe i moto,POINT (0.56667 41.18305),462,36
B:SM Serveis Municipals,APARCAMENT PUBLIC,NORMAL,Schuko,41.379272,2.169613,B:SM 49 - Sant Rafael,,,BAMSA006,"Carrer de Sant Rafael, 15",Barcelona,8,Barcelona,4,cotxe,POINT (2.169613 41.379272),512,29
GAICU,VIA PUBLICA,semiRAPID,MENNEKES.F,41.375444,2.189039,(eTAXI) Barceloneta - Joan de Borbó (7.4kW),7.5,AC,QC003,"Passeig Joan de Borbó - Carrer de la Drassana, 1",Barcelona,8,Barcelona,2,taxi,POINT (2.189039 41.375444),512,29
B:SM Serveis Municipals,APARCAMENT PUBLIC,NORMAL,MENNEKES.F+Schuko,41.41907,2.17938,B:SM Mercat del Guinardó,,,,"Carrer de Teodor Llorente, 12",Barcelona,8,Barcelona,,cotxe i moto,POINT (2.17938 41.41907),512,29
Institut Català d'Energia i Ajuntament d'Olot,,RAPID,CCS Combo2+ChadeMO+MENNEKES.M,42.18898,2.49879,EdRR Olot 2 La Rodona (DC50kW AC22kW) PIRVEC-17,50,AC-DC,PIRVEC-17,"Carretera de les Tries, 1",Girona,17,Olot,2,,POINT (2.49879 42.18898),294,10
,APARCAMENT HOTEL,superRAPID,TESLA,41.85889,2.76771,TESLA Supercarregador - PGA Caldes de Malavella (120kW),120,DC,,"Carretera N-II, km 701",Girona,17,Caldes de Malavella,10,cotxe,POINT (2.76771 41.85889),654,20
Aparcament Sofia,APARCAMENT PÚBLIC,NORMAL,Schuko,41.234074,1.80405,"Aparcament Avinguda Sofia, Calipolis",,,,"Avinguda Sofia, 2",Barcelona,8,Sitges,2,cotxe i moto,POINT (1.80405 41.234074),457,34
B:SM Serveis Municipals,APARCAMENT PUBLIC,NORMAL,Schuko,41.379936,2.189115,B:SM 59 - Barceloneta Centre,,,BAMSA011,"Carrer Escuder, 1",Barcelona,8,Barcelona,1,cotxe,POINT (2.189115 41.379936),512,29
,,semiRAPID,2xMENNEKES.F+ 2xschuko,41.08313,0.95859,EdRsR Mont-Roig del Camp Ajuntament (AC22kW),22,AC,,"Carretera de Colldejou, 2",Tarragona,43,Mont-Roig del Camp,2,,POINT (0.95859 41.08313),155,39
,,,CCS Combo2+ChadeMO+MENNEKES.M,41.01008,0.93888,EdRR Mont-Roig del Camp (DC50kW AC43kW) PIRVEC-31,50,AC-DC,PIRVEC-31,"Avinguda del Mar, 21",Tarragona,43,Mont-Roig del Camp,,,POINT (0.93888 41.01008),155,39
B:SM Serveis Municipals,APARCAMENT PUBLIC,NORMAL,Schuko,41.4049,2.17729,B:SM 21 - Mercat Sagrada Família,,,BSM042,"Carrer de Mallorca, 425-433",Barcelona,8,Barcelona,1,cotxe,POINT (2.17729 41.4049),512,29
Aparcament Abart,APARCAMENT PUBLIC,NORMAL,Schuko,41.396271,2.149651,111 Aparcament Abart,,,,"Travessera de Gràcia, 53-65",Barcelona,8,Barcelona,1,cotxe i moto,POINT (2.149651 41.396271),512,29
IBIL,ESTACIÓ DE SERVEI (IBIL),RAPID,CCS Combo2+ChadeMO+MENNEKES.M,41.38266517890297,2.106382995843887,IBIL-ES Seu RACC (DC50kW AC43kW),50,AC-DC,,Avinguda Diagonal 695,Barcelona,8,Barcelona,1,cotxe,POINT (2.1063829958438873 41.38266517890297),512,29
SERVICIOS MERIDIANA,APARCAMENT PUBLIC,NORMAL,Schuko,41.399605,2.170186,114 SERVICIOS MERIDIANA,,,,"Carrer de Mallorca, 335",Barcelona,8,Barcelona,6,cotxe i moto,POINT (2.170186 41.399605),512,29
CC CARREFOUR El Prat,APARCAMENT CC,NORMAL,Schuko,41.335179,2.088768,CC CARREFOUR El Prat,,,,Autovia Castelldefels km 194,Barcelona,8,El Prat de Llobregat,2,cotxe i moto,POINT (2.088768 41.335179),503,31
,,semiRAPID i NORMAL,MENNEKES.F + Schuko,42.36972,2.98167,EdRsR Sant Climent Sescebes (AC22kW),22,AC,,"Carrer de Icària, 14",Girona,17,Sant Climent Sescebes,1,cotxe i moto,POINT (2.98167 42.36972),390,6
Ajuntament de Llinars del Vallès,,NORMAL,Schuko,41.640184225,2.399023735,Ajuntament de Llinars del Vallès,,,,"Avinguda  Pau Casals, 26",Barcelona,8,Llinars del Vallès,1,,POINT (2.399023735 41.640184225),797,22
B:SM Serveis Municipals,APARCAMENT PUBLIC,NORMAL,MENNEKES.F+Schuko,41.416515,2.180421,B:SM 26 - Pg. Maragall (C.A.P.),,,BSM028,"Passeig  de Maragall, 54",Barcelona,8,Barcelona,4+2,cotxe i moto,POINT (2.180421 41.416515),512,29
,,RAPID,CCS Combo2+ChadeMO+MENNEKES.M,41.1896,1.56745,EdRR Calafell (DC50kW-AC45kW),50,AC-DC,,"Carretera Sanatori, 29",Tarragona,43,Calafell,,,POINT (1.56745 41.1896),460,33
B:SM Serveis Municipals,APARCAMENT PUBLIC,NORMAL,MENNEKES.F+Schuko,41.380864,2.183077,B:SM 23 - Moll de la Fusta,,,BSM010,Carrer de l'Ictineu,Barcelona,8,Barcelona,4+1,cotxe i moto,POINT (2.183077 41.380864),512,29
TESLA,APARCAMENT HOTEL,semiRAPID,TESLA,41.6894,2.81794,TESLA Destinació - Hotel Santa Marta (22kW),22,AC,,Platja de Santa Cristina,Girona,17,Lloret de Mar,1,cotxe,POINT (2.81794 41.6894),751,20
Ajuntament de Rubí,APARCAMENT PUBLIC,semiRAPID,MENNEKES+Schuko,41.501781,2.029948,EdRsR Rubí BRILLA-Can Serra (7.5kW),7.5,AC,,"Carrer de Can Serra, 3",Barcelona,8,Rubí,2+2+3,cotxe i moto,POINT (2.029948 41.501781),908,26
Ajuntament de Balaguer,VIA PUBLICA,semiRAPID,2xMENNEKES.F,41.78955,0.80485,EdRsR Balaguer (AC11kW),11,AC,,"Plaça del Mercadal, 1-3",Lleida,25,Balaguer,2,cotxe i moto,POINT (0.80485 41.78955),685,15
B:SM Serveis Municipals,APARCAMENT PUBLIC,NORMAL,MENNEKES.F+Schuko,41.399815,2.123474,B:SM 32 - Porta de Sarrià,,,BSM023,"Carrer de Salvador Mundí, 17",Barcelona,8,Barcelona,2+1,cotxe i moto,POINT (2.123474 41.399815),512,29
B:SM Serveis Municipals,APARCAMENT PUBLIC,NORMAL,MENNEKES.F+Schuko,41.40247,2.204062,B:SM 4 - Bilbao-Llull,,,BSM011,"Carrer de Bilbao, 24",Barcelona,8,Barcelona,3+1,cotxe i moto,POINT (2.204062 41.40247),512,29
Hotel Ciutat de Granollers,APARCAMENT HOTEL,NORMAL,MENNEKES.F+Schuko,41.60092,2.29588,Hotel Ciutat de Granollers,,,,"Carrer del Turó Groguet, 2",Barcelona,8,Granollers,1,cotxe,POINT (2.29588 41.60092),560,22
Institut Català d'Energia i GESTVIA Calella,,semiRAPID i NORMAL,MENNEKES.F + Schuko,41.61658,2.66029,EdRsR Calella (AC22kW) PIRVEC-23,22,AC,PIRVEC-23,Carrer de Sant Joan - Carretera N-II,Barcelona,8,Calella,2,,POINT (2.66029 41.61658),932,25
B:SM Serveis Municipals,APARCAMENT PUBLIC,NORMAL,Schuko,41.4044,2.1972,B:SM 34 - Rambla Poblenou,,,BSM038,"Rambla del Poblenou, 130",Barcelona,8,Barcelona,3,cotxe,POINT (2.1972 41.4044),512,29
B:SM Serveis Municipals,APARCAMENT PUBLIC,NORMAL,Schuko,41.391087,2.147544,B:SM 53 - Londres,,,BAMSA015,"Carrer de Londres, 55",Barcelona,8,Barcelona,1,cotxe,POINT (2.147544 41.391087),512,29
REGESA,APARCAMENT CC,NORMAL,Schuko,41.363926804,2.127766612,CC BCN-Francesc Macià,,,,Carrer Francesc Macià,Barcelona,8,L'Hospitalet de Llobregat,2,,POINT (2.127766612 41.363926804),117,29
Ajuntament de Granollers,,RAPID,CCS Combo2+ChadeMO+MENNEKES.M,41.60002,2.28025,EdRR Granollers (DC50kW AC43kW),50,AC-DC,,"Carrer Camp de les Moreres, 25",Barcelona,8,Granollers,2,,POINT (2.28025 41.60002),560,22
BIMSA,VIA PUBLICA,NORMAL,Schuko,41.394501,2.152312,Lateral-Mar Diagonal (Aribau-Enric Granados) 1,,,LC043,"Avinguda Diagonal, 429",Barcelona,8,Barcelona,2,moto,POINT (2.152312 41.394501),512,29
,VIA PUBLICA,NORMAL,Schuko,41.38028,2.18729,AjBCN-Joan de Borbó,,,,"Joan de Borbó, 12 - Maquinista",Barcelona,8,Barcelona,2,moto,POINT (2.18729 41.38028),512,29
Endesa-Cepsa,ESTACIÓ SERVEI,FORA DE SERVEI,CHAdeMO,41.40604,2.201385,EdRR ES Cepsa-Endesa (DC50kW),50,DC,,"Carrer de Lope de Vega, 125",Barcelona,8,Barcelona,1,cotxe,POINT (2.201385 41.40604),512,29
Area Metropolitana de Barcelona,VIA PUBLICA (AMB),RAPID i NORMAL,CCS Combo2+ChadeMO+MENNEKES.M+shucko,41.45496,2.22666,EdRR Montigalà (DC50kW AC43kW) AMB5,50,AC-DC,AMB5,"Carrer d'Anna Tugas, 26",Barcelona,8,Badalona,4,cotxe i moto,POINT (2.22666 41.45496),531,29
EUSAB,APARCAMENT CC,NORMAL,Schuko,41.43054737,2.218260673,Aparcament Plaça de la Vila,,,,Plaça de la Vila,Barcelona,8,Sant Adrià de Besòs,2,,POINT (2.218260673 41.43054737),841,29
Vincipark,APARCAMENT PUBLIC,NORMAL,Schuko,41.382694,2.139639,Aparcament Vincipark Numància,,,,"Carrer de Numància, 37",Barcelona,8,Barcelona,3,,POINT (2.139639 41.382694),512,29
Gintra- Ap.TECNOCAMPUS,APARCAMENT PUBLIC,NORMAL,Schuko,41.527773587,2.433324182,Gintra-Ap.TECNOCAMPUS,,,,"Carrer Tordera, 2",Barcelona,8,Mataró,1,,POINT (2.433324182 41.527773587),701,25
B:SM Serveis Municipals,APARCAMENT PUBLIC,NORMAL,MENNEKES.F+Schuko,41.411148,2.174359,B:SM 2 - Avinguda Gaudí,,,BSM006,"Carrer dels Castillejos, 330 (E1), Carrer de Cartagena, 319 (E2)",Barcelona,8,Barcelona,3+1,cotxe i moto,POINT (2.174359 41.411148),512,29
B:SM Serveis Municipals,APARCAMENT PUBLIC,NORMAL,MENNEKES.F+Schuko,41.39846,2.186665,B:SM 29 - Plaça de les Arts - TNC,,,BSM032,"Carrer de Padilla, 159",Barcelona,8,Barcelona,4+2,cotxe i moto,POINT (2.186665 41.39846),512,29
AEB,VIA PUBLICA,NORMAL,Schuko,41.420052,2.181559,95 AjBCN-ETRA-COBRA Maragall-Olesa,,,LC020,"Plaça de Maragall, 21",Barcelona,8,Barcelona,2,cotxe i moto,POINT (2.181559 41.420052),512,29
TESLA,APARCAMENT HOTEL,semiRAPID,TESLA,41.41069,2.13629,TESLA Destinació - Restaurant Hotel ABaC (22kW),22,AC,,"Avinguda Tibidabo, 1",Barcelona,8,Barcelona,1,cotxe,POINT (2.13629 41.41069),512,29
,,RAPID,CCS Combo2+ChadeMO+MENNEKES.M,41.19262,1.60395,EdRR Segur de Calafell (DC50kW-AC45kW),50,AC-DC,,"Carretera Barcelona, 82",Tarragona,43,Segur de Calafell,,,POINT (1.60395 41.19262),460,33
CIRCONTROL,APARCAMENT SEU (PRIVAT),semiRAPID i NORMAL,MENNEKES.M+Schuko,41.560821,1.961738,Seu CIRCONTROL 22kW,22,AC,,"Carrer Innovació,3 - P I. Can Mitjans",Barcelona,8,Viladecavalls,4+3,cotxe i moto,POINT (1.961738 41.560821),697,26
SABA,APARCAMENT PUBLIC,NORMAL,Schuko,41.393417,2.10702,81 SABA Escultor Ramir,,,,"Plaça de l'Escultor Ramir Rocamora - Avinguda  Pearson, 21",Barcelona,8,Barcelona,2,cotxe,POINT (2.10702 41.393417),512,29
AMERSAM,APARCAMENT PUBLIC,NORMAL,MENNEKES.F+Schuko,41.153851,1.101613,Aparcament Passeig Prim,,,,"Camí de Riudoms, 27",Tarragona,43,Reus,2,cotxe i moto,POINT (1.101613 41.153851),421,39
TESLA,APARCAMENT HOTEL,semiRAPID,TESLA,41.81987,2.96417,TESLA Destinació - Salles Hotel Mas Tapiolas (22kW),22,AC,,Carretera C-65 km. 7,Girona,17,Santa Cristina d'Aro,1,cotxe,POINT (2.96417 41.81987),642,16
GAICU,VIA PUBLICA,RAPID,CCS Combo2+ChadeMO+MENNEKES.M,41.39347,2.20446,EdRR-Vil·la Olimpica-ES Repsol-McDonald's (DC50kW AC43kW),50,AC-DC,FC001,"Avinguda del Litoral,49,  Sortida 23- Carrer de Badajoz",Barcelona,8,Barcelona,1,cotxe,POINT (2.20446 41.39347),512,29
,VIA PUBLICA,semiRAPID i NORMAL,MENNEKES.F+Schuko,41.25937,1.77389,EdRsR Sant Pere de Ribes 1 (AC22kW),22,AC,,"Lluís Companys, 75",Barcelona,8,Sant Pere de Ribes,2,cotxe i moto,POINT (1.77389 41.25937),541,34
AEB,VIA PUBLICA,NORMAL,Schuko,41.396236,2.18219,91 AjBCN-ETRA COBRA,,,LC005,"Carrer d'Ausiàs March, 118",Barcelona,8,Barcelona,2,cotxe i moto,POINT (2.18219 41.396236),512,29
,,NORMAL,MENNEKES.F,41.78624,1.2874,Aparcament illa Guissona,,,,"Carrer Montsec, 7",Lleida,17,Guissona,1,cotxe i moto,POINT (1.2874 41.78624),773,19
B:SM Serveis Municipals,APARCAMENT PUBLIC,NORMAL,MENNEKES.F+Schuko,41.394009,2.115265,B:SM 20 - Marques de Mulhacen,,,BSM015,"Carrer de Marquès de Mulhacén, 49-51",Barcelona,8,Barcelona,6+2,cotxe i moto,POINT (2.115265 41.394009),512,29
Hotel Restaurant SAUSA,HOTEL-Restaurant,NORMAL,Schuko,42.09517389742783,2.892667204141617,Hotel Restaurant SAUSA,,,,"Carretera N-II, km 732",Girona,17,Terradelles,1,,POINT (2.892667204141617 42.09517389742783),297,11
Abertis-saba,VIA PUBLICA,NORMAL,Schuko,41.340072,2.125827,Seu zona franca Saba,,,,Carrer numero Un,Barcelona,8,Barcelona,2,cotxe i moto,POINT (2.125827 41.340072),512,29
Estabanell y Pahisa,VIA PUBLICA (codiQR),NORMAL,Schuko,41.84919539,2.22780389,EP-Estabanell y Pahisa TONA,,,,"Carretera Manresa, s/n",Barcelona,8,Tona,1,cotxe,POINT (2.22780389 41.84919539),729,13
,VIA PUBLICA,semiRAPID i NORMAL,MENNEKES.F+Schuko,41.62044,0.61788,EdRsR Lleida (AC22kW),22,AC,,"Carrer Magí Morera, 57",Lleida,25,Lleida,2,cotxe i moto,POINT (0.61788 41.62044),875,21
Institut Català d'Energia i Ajuntament de Tortosa,,RAPID,CCS Combo2+ChadeMO+MENNEKES.F,40.80762,0.52007,EdRsR-EdRR Tortosa (DC28W AC22kW) PIRVEC-15,28,AC-DC,PIRVEC-15,"Avinguda de la Generalitat, 72",Tarragona,43,Tortosa,2,,POINT (0.52007 40.80762),211,40
Ajuntament de Vic,VIA PUBLICA,NORMAL,Schuko,41.926851,2.245734,Xemeneia del Sucre,,,,"Avinguda del Mercat, 6",Barcelona,8,Vic,2,cotxe,POINT (2.245734 41.926851),912,13
Parking Galvany,,NORMAL,Schuko i MENNEKES.F,41.3969749826735,2.14315306395292,Aparcament Galvany,,,,"Carrer de Calaf, 28",Barcelona,8,Barcelona,2,cotxe i moto,POINT (2.14315306395292 41.3969749826735),512,29
"IBERDROLA SERVICIOS ENERGETICOS, SAU",VIA PUBLICA,NORMAL,Schuko,41.385166,2.116051,084 ETSEIB,,,LC037,Carrer de Pasqual i Vila 22 - Avinguda  Diagonal,Barcelona,8,Barcelona,6,moto,POINT (2.116051 41.385166),512,29
Restaurant Sol i vi,RESTAURANT,semiRAPID i NORMAL,MENNEKES.F+Schuko+J1772,41.40167,1.75702,Restaurant Sol i vi,,,,"Carretera de Sant Sadurní d'Anoia a Vilafranca del Penedès, km 4",Barcelona,8,Subirats,2,cotxe i moto,POINT (1.75702 41.40167),778,32
GAICU,VIA PUBLICA,semiRAPID,MENNEKES.F,41.393005,2.146561,(eTAXI) Villarroel- Diagonal (7.4kW),7.5,AC,QC004,"Carrer de Villarroel,277-Avinguda  Diagonal",Barcelona,8,Barcelona,2,taxi,POINT (2.146561 41.393005),512,29
Institut Català d'Energia i Ajuntament de Reus,VIA PUBLICA,RAPID,CCS Combo2+ChadeMO+MENNEKES.M,41.15472,1.11168,EdRR Reus Riera Miró (DC50kW AC43kW),50,AC-DC,PIRVEC-4,"Riera d'Aragó, 30, ó Raval de Sant Pere, 27-29",Tarragona,43,Reus,2,cotxe,POINT (1.11168 41.15472),421,39
AEB,VIA PUBLICA,NORMAL,Schuko,41.381355,2.129424,"90 AjBCN-ETRA-COBRA Figols, Jardins Drs.Dolsa",,,LC011,"Carrer de Fígols, 6",Barcelona,8,Barcelona,2,cotxe i moto,POINT (2.129424 41.381355),512,29
Area Metropolitana de Barcelona,VIA PUBLICA (AMB),RAPID,CCS Combo2+ChadeMO+MENNEKES.M,41.31814,2.07481,EdRR El Prat de Llobregat (DC50kW AC44kW) AMB1,50,AC-DC,AMB1,Plaça de la Volateria-Carrer de Canudas,Barcelona,8,EL PRAT DE LLOBREGAT,1,cotxe,POINT (2.07481 41.31814),503,31
SABA,APARCAMENT PUBLIC,NORMAL,Schuko,41.391895,2.169057,76 SABA Diputació,,,,"Carrer de la Diputació, 286",Barcelona,8,Barcelona,2,cotxe,POINT (2.169057 41.391895),512,29
Institut Català d'Energia i Ajuntament de Sant Feliu de Guíxols,,semiRAPID,2xMENNEKES.F,41.78059,3.0219,EdRsR Guíxols Estació BUSOS (AC22kW) PIRVEC-29,22,AC,PIRVEC-29,"Carrer Dr. Rovira, 47",Girona,17,Sant Feliu de Guíxols,2,,POINT (3.0219 41.78059),852,16
TESLA,APARCAMENT HOTEL,semiRAPID,TESLA,41.23474,1.80399,TESLA Destinació - Hotel Sofia (22kW),22,AC,,"Avinguda Sofia, 12",Barcelona,8,Sitges,2,cotxe,POINT (1.80399 41.23474),457,34
GAICU,VIA PUBLICA,RAPID,CCS Combo2+ChadeMO+MENNEKES.M,41.40646,2.15223,EdRR-Torrent de l'Olla (DC50kW AC43kW),50,AC-DC,FC005,"Carrer Torrent de l'Olla, 203",Barcelona,8,Barcelona,1,cotxe,POINT (2.15223 41.40646),512,29
AMERSAM,VIA PUBLICA,NORMAL,MENNEKES.F+Schuko,41.157893,1.105291,Area P Plaça Pintor Fortuny,,,,Plaça Pintor Fortuny,Tarragona,43,Reus,2,cotxe i moto,POINT (1.105291 41.157893),421,39
,,semiRAPID,TESLA i MENNEKES,41.38966,2.13507,CC Illa Diagonal (22kW),22,AC,,Avinguda Diagonal 559-Carrer de Numància,Barcelona,8,Barcelona,4,,POINT (2.13507 41.38966),512,29
MOBILITAT-IBERDROLA,VIA PUBLICA (MOBECPOINT),NORMAL,Schuko,41.459165763709166,2.228849977254868,MOBECPOINT-Institut Gaudí Construcció,,,,Avinguda Comunitat Europea,Barcelona,8,Badalona,1,moto,POINT (2.2288499772548676 41.459165763709166),531,29
Institut Català d'Energia i Ajuntament de Tremp,,semiRAPID,2xMENNEKES.F,42.16805,0.89549,EdRsR Tremp (AC22kW) PIRVEC-28,22,AC,PIRVEC-28,"Plaça Capdevila, 21",Lleida,25,Tremp,2,,POINT (0.89549 42.16805),305,9
AEB,VIA PUBLICA,NORMAL,Schuko,41.406525,2.152333,92 AjBCN-ETRA COBRA  Torrent de l'Olla,,,LC016,"Carrer del Torrent de l'Olla, 222",Barcelona,8,Barcelona,2,moto,POINT (2.152333 41.406525),512,29
El Corte Inglés,APARCAMENT CC,NORMAL,Schuko,41.387627,2.128022,98 El Corte Inglés,,,,"Avinguda Diagonal, 617",Barcelona,8,Barcelona,3,cotxe,POINT (2.128022 41.387627),512,29
,,semiRAPID,2xMENNEKES.F,41.74978,1.90322,EdRsR Navarcles (AC22kW),22,AC,,Carrer Pau Claris 14,Barcelona,8,Navarcles,,,POINT (1.90322 41.74978),865,18
BIMSA,VIA PUBLICA,NORMAL,Schuko,41.395304,2.153848,Lateral-Muntanya Diagonal (Balmes-Tusset) 1,,,LC049,"Avinguda Diagonal, 508-510",Barcelona,8,Barcelona,2,moto,POINT (2.153848 41.395304),512,29
Leroy Merlin,APARCAMENT CC,NORMAL,Schuko,41.48142,2.04547,CC Leroy Merlin Sant Cugat,,,,"Parc. Activ. Econòmiques, Carretera de Rubí, s/n",Barcelona,8,Sant Cugat del Valles,,cotxe i moto,POINT (2.04547 41.48142),937,26
B:SM Serveis Municipals,APARCAMENT PUBLIC,NORMAL,Schuko,41.398969,2.153493,B:SM 57 - Plaça Gal·la Placídia,,,BAMSA002,"Plaça de Gal·la Placídia, 2",Barcelona,8,Barcelona,1,cotxe,POINT (2.153493 41.398969),512,29
TESLA Hotel Ibis,APARCAMENT HOTEL,superRAPID,TESLA,41.998494,2.817328,TESLA Supercarregador - Girona-Hotel IBIS-Costa Brava (120kW),120,DC,,"Carrer Francesc Ferrer, 16-18",Girona,17,Girona,4,cotxe,POINT (2.817328 41.998494),133,14
Camping Les Medes,APARCAMENT CAMPING,semiRAPID i NORMAL,MENNEKES.F+Schuko,42.04324,3.18497,Camping Les Medes (AC22kW),22,AC,,"Paratge Camp de l'arbre, s/n",Girona,17,L'Estartit,2,cotxe i moto,POINT (3.18497 42.04324),153,16
Endesa,VIA PUBLICA,NORMAL,Schuko,41.381421,2.18197,19 AjBCN-Endesa-Correus-Via Laietana,,,LC001,"Plaça Antoni Lòpez,  s/n",Barcelona,8,Barcelona,2,moto,POINT (2.18197 41.381421),512,29
,,NORMAL,Schuko,41.56064,2.0059,Aparcament Plaça Progrés,,,,"Plaça del Progrés, 8",Barcelona,8,Terrassa,4,cotxe i moto,POINT (2.0059 41.56064),862,26
"Viena, Sprinter i Norauto",APARCAMENT CC,semiRAPID i NORMAL,MENNEKES.F+Schuko,41.3354,1.68557,EdRsR CC Vilafranca del Penedés QR (AC22kW),22,AC,,"Avinguda de Tarragona, 143",Barcelona,8,Vilafranca del Penedès,2,cotxe i moto,POINT (1.68557 41.3354),940,32
SABA,APARCAMENT PUBLIC,NORMAL,Schuko,41.37764,2.13894,Saba Aparcament Estació de Sants,,,,Plaça Joan Peiró,Barcelona,8,Barcelona,2,cotxe i moto,POINT (2.13894 41.37764),512,29
B:SM Serveis Municipals,APARCAMENT PUBLIC,NORMAL,Schuko,41.37532,2.169709,B:SM 48 - Plaça Raquel Meyer - Paral·lel,,,BAMSA007,"Carrer de l'Abat Safont, 2",Barcelona,8,Barcelona,1,cotxe,POINT (2.169709 41.37532),512,29
Generalitat de Catalunya,Aparcament Estació,NORMAL,Schuko,41.48402,1.91808,Intercanviador FGC Martorell,,,FGCMART,Avinguda Comte de Llobregat - Plaça Joan Serrats,Barcelona,8,MARTORELL,2,cotxe i moto,POINT (1.91808 41.48402),555,31
GAICU,VIA PUBLICA,RAPID,CCS Combo2+ChadeMO+MENNEKES.M,41.415125,2.136311,EdRR-Alfons Comín-Vallcarca (DC50kW AC43kW),50,AC-DC,FC004,"Plaça Alfons Comín, 12- Isaac Newton",Barcelona,8,Barcelona,1,cotxe,POINT (2.136311 41.415125),512,29
Institut Català d'Energia i Ajuntament de Figueres,,RAPID,CCS Combo2+ChadeMO+MENNEKES.M,42.25973,2.9666,EdRR Figueres 1 Creu de la mà (DC50kW AC43kW) PIRVEC-18,50,AC-DC,PIRVEC-18,"Carrer Nou, 164",Girona,17,Figueres,2,,POINT (2.9666 42.25973),191,6
BIMSA,VIA PUBLICA,NORMAL,Schuko,41.395305,2.153849,Lateral-Muntanya Diagonal (Balmes-Tusset) 2,,,LC050,"Avinguda Diagonal, 508-510",Barcelona,8,Barcelona,2,moto,POINT (2.153849 41.395305),512,29
,,superRAPID,TESLA,41.49923,2.07282,TESLA Supercarregador - Sant Cugat del Vallès (120kW),120,DC,,"Camí de Can Camps, 13",Barcelona,8,Sant Cugat del Vallés,7,cotxe,POINT (2.07282 41.49923),937,26
Endesa,VIA PUBLICA,NORMAL,Schuko,41.407269,2.138413,16 AjBCN-Endesa,,,LC012,"Carrer de Balmes,422 - Carrer de Castanyer",Barcelona,8,Barcelona,2,moto,POINT (2.138413 41.407269),512,29
Aparcament Cal Llobet-Selba,APARCAMENT PUBLIC,NORMAL,Schuko,41.78188554764706,1.836778074502945,Aparcament Cal Llobet-Selba,,,,"Carrer Roger de Flor, 11",Barcelona,8,Santpedor,1,cotxe i moto,POINT (1.836778074502945 41.78188554764706),770,18
Institut Català d'Energia i Ajuntament de Figueres,,RAPID,CCS Combo2+ChadeMO+MENNEKES.M,42.26886,2.96692,EdRR Figueres 2 -Josep Tarradellas- (DC50kW AC43kW) PIRVEC-19,50,AC-DC,PIRVEC-19,"Plaça President Josep Tarradellas, 15",Girona,17,Figueres,2,,POINT (2.96692 42.26886),191,6
Restaurant El Molí de Mallol,RESTAURANT,NORMAL,Schuko,41.3793661,1.1631832,Restaurant El Molí de Mallol,,,,"Carrer  de la Muralla  de Santa Anna, 19",Tarragona,43,Montblanc,1,moto i cotxe,POINT (1.1631832 41.3793661),783,28
ESSER,ESTACIÓ DE SERVEI,RAPID,CCS Combo2+ChadeMO+MENNEKES.M,41.62414,2.675,EdRR ESSER Pineda (DC50kW AC43kW),50,AC-DC,,"Carrer Carles I, 8",Barcelona,8,Pineda de Mar,2,,POINT (2.675 41.62414),883,25
Endesa,VIA PUBLICA,NORMAL,Schuko,41.429535,2.158481,02 AjBCN-Endesa,,,LC031,"Carrer de Lisboa, 7-11",Barcelona,8,Barcelona,2,moto,POINT (2.158481 41.429535),512,29
,,semiRAPID,2xMENNEKES.F + 2TESLA,41.37631,2.14932,EdRsR CC Las Arenas (AC22kW),22,AC,,"Gran Via de les Corts Catalanes, 373-385",Barcelona,8,Barcelona,4,,POINT (2.14932 41.37631),512,29
,,semiRAPID,MENNEKES.F,41.61072,2.23988,EdRsR EP-Estabanell Lliçà QR (AC22kW),22,AC,,"Carrer de l'Aliança, 14",Barcelona,8,Lliçà d'Amunt,2,cotxe i moto,POINT (2.23988 41.61072),934,22
,,NORMAL,Schuko,41.22512,1.5442,Les Mates - El Vendrell,,,,Carrer Les Mates 1,Tarragona,43,El Vendrell,4,cotxe i moto,POINT (1.5442 41.22512),456,33
Institut Català d'Energia i Ajuntament de Girona,VIA PUBLICA,RAPID,CCS Combo2+ChadeMO+MENNEKES.M,41.99248,2.81913,EdRR Girona Nord -Carles Puigdemont- (DC50kW AC43kW),50,AC-DC,PIRVEC-5,"Carrer Joan Josep Tharrats i Vidal, 2",Girona,17,Girona,2,cotxe,POINT (2.81913 41.99248),133,14
B:SM Serveis Municipals,APARCAMENT PUBLIC,NORMAL,MENNEKES.F+Schuko,41.394238,2.181891,B:SM 10 - Estació Barcelona-Nord,,,BSM014,"Carrer d'Alí Bei, 54",Barcelona,8,Barcelona,4+4,cotxe i moto,POINT (2.181891 41.394238),512,29
B:SM Serveis Municipals,APARCAMENT PUBLIC,NORMAL,MENNEKES.F+Schuko,41.430428,2.187965,B:SM 36 - Sant Andreu Teatre,,,BSM024,"Carrer de les Monges, 2",Barcelona,8,Barcelona,2+1,cotxe i moto,POINT (2.187965 41.430428),512,29
Valencia 2013,APARCAMENT PUBLIC,NORMAL,Schuko,41.392466102,2.163201936,Valencia 2013,,,,"Carrer València, 270",Barcelona,8,Barcelona,1,,POINT (2.163201936 41.392466102),512,29
Institut Català d'Energia i Ajuntament de Mataró,,semiRAPID,CCS Combo2+ChadeMO+MENNEKES.F,41.5379,2.45285,EdRsR Marítim Mataró (DC25kW AC25kW),22,AC-DC,,"Passeig del Callao, 220",Barcelona,8,Mataró,2,,POINT (2.45285 41.5379),701,25
,,semiRAPID i NORMAL,MENNEKES.F+Schuko,41.55784,2.04247,EdRsR Cementiri de Terrassa (7.5kW),7.5,AC,,"Carretera de Montcada, 779A",Barcelona,8,Terrassa,2,,POINT (2.04247 41.55784),862,26
Institut Català d'Energia i GAICU,VIA PUBLICA,RAPID,CCS Combo2+ChadeMO+MENNEKES.M,41.38244,2.18361,EdRR-Pla de Palau  (DC50kW AC43kW),50,AC-DC,PIRVEC-10 + FC14,"Pla de Palau, 4",Barcelona,8,Barcelona,1,cotxe,POINT (2.18361 41.38244),512,29
Gintra-Ap Plaça de Cuba,APARCAMENT PUBLIC,NORMAL,Schuko,41.537302431,2.440399469,Gintra-Ap Plaça de Cuba,,,,"Carrer Cuba, 40",Barcelona,8,Mataró,1,,POINT (2.440399469 41.537302431),701,25
TESLA,APARCAMENT HOTEL,semiRAPID,TESLA,41.95399,3.12487,TESLA Destianció - Mas de Torrent Hotel & Spa (11kW),11,AC,,Afores de Torrent,Girona,17,Torrent,1,cotxe,POINT (3.12487 41.95399),892,16
B:SM Serveis Municipals,APARCAMENT PUBLIC,NORMAL,MENNEKES.F+Schuko,41.384186,2.122279,B:SM 38 - Tanatori Les Corts,,,BSM007,"Avinguda  de Joan XXIII, 23 - 25",Barcelona,8,Barcelona,2+2,cotxe i moto,POINT (2.122279 41.384186),512,29
HOTEL NH CONSTANZA,HOTEL,NORMAL,Schuko,41.3915983,2.177850499999977,HOTEL NH PODIUM,,,,"Carrer de Bailén, 4-6",Barcelona,8,Barcelona,1,,POINT (2.177850499999977 41.3915983),512,29
CC CARREFOUR MATARÓ,APARCAMENT CC,NORMAL,Schuko,41.51978,2.421356,CC CARREFOUR Cabrera de Mar,,,,"Carretera N-II, km 644",Barcelona,8,Cabrera de Mar,2,cotxe i moto,POINT (2.421356 41.51978),886,25
B:SM Serveis Municipals,APARCAMENT PUBLIC,NORMAL,MENNEKES.F+Schuko,41.4274,2.1772,B:SM 16 - Illa Borbó,,,BSM019,"Carrer de Ramon Albó ,77",Barcelona,8,Barcelona,1+1,cotxe i moto,POINT (2.1772 41.4274),512,29
Endesa,VIA PUBLICA,NORMAL,Schuko,41.423615,2.179456,11 AjBCN-Endesa Garcilaso,,,LC019,"Carrer de Garcilaso, 204",Barcelona,8,Barcelona,2,moto,POINT (2.179456 41.423615),512,29
El Corte Ingles Tarragona,APARCAMENT CC,NORMAL,Schuko,41.121159436,1.242038612,CC El Corte Ingles (Tarragona),,,,Avinguda  President LLuis Companys 7-11,Tarragona,43,Tarragona,3,cotxe i moto,POINT (1.242038612 41.121159436),230,37
Parking Ninot,,NORMAL,Schuko i MENNEKES.F,41.3897592260418,2.1551764011383,Aparcament Ninot,,,,"Carrer de Provença, 192",Barcelona,8,Barcelona,2,cotxe i moto,POINT (2.1551764011383 41.3897592260418),512,29
Ajuntament de Sant Cugat del Vallès,VIA PUBLICA,NORMAL,Schuko,41.469931,2.08801,Plaça. Mil·lenari-Auditori Sant Cugat,,,,Avinguda Pla del Vinyet 30T-Plaça Mil·lenari,Barcelona,8,Sant Cugat del Valles,2,cotxe i moto,POINT (2.08801 41.469931),937,26
Area Metropolitana de Barcelona,VIA PUBLICA (AMB),RAPID i NORMAL,CCS Combo2+ChadeMO+MENNEKES.M+shucko,41.51058,2.13254,EdRR Barberà del Vallès (DC50kW AC43kW) AMB9,50,AC-DC,AMB9,"Carrer d'Arquímedes, 4",Barcelona,8,Barberà del Vallès,2,,POINT (2.13254 41.51058),891,26
GAICU,VIA PUBLICA,RAPID,CCS Combo2+ChadeMO+MENNEKES.M,41.40477,2.174794,EdRR-Sagrada Família-Provença -KFC (DC50kW AC43kW),50,AC-DC,FC009,"Carrer Provença, 447",Barcelona,8,Barcelona,1,cotxe,POINT (2.174794 41.40477),512,29
22@,VIA PUBLICA,NORMAL,Schuko,41.396897,2.200017,29 AjBCN-22@ Ciutat de Granada,,,LC024,"Carrer de la Ciutat de Granada, 17",Barcelona,8,Barcelona,1,cotxe i moto,POINT (2.200017 41.396897),512,29
,,semiRAPID,2xMENNEKES.F,41.66519,1.86011,EdRsR Sant Vicenç de Castellet (AC22kW),22,AC,,"Plaça Generalitat, 4",Barcelona,8,Sant Vicenç de Castellet,2,,POINT (1.86011 41.66519),752,18
Ajuntament de Ripoll,VIA PUBLICA,semiRAPID i NORMAL,MENNEKES.F+Schuko,42.2006726430273,2.19027712941169,EdRsR Ajuntament Ripoll (AC22kW),22,AC,,"Carrer Berenguer el Vell, (Ajuntament)",Girona,17,Ripoll,2,cotxe i moto,POINT (2.19027712941169 42.2006726430273),362,7
TESLA,APARCAMENT HOTEL,semiRAPID,TESLA,41.388,2.17318,TESLA Destinació - Hotel H10 Cubik (22kW),22,AC,,"Via Laietana, 69",Barcelona,8,Barcelona,1,cotxe,POINT (2.17318 41.388),512,29
AMERSAM,APARCAMENT PUBLIC,NORMAL,MENNEKES.F+Schuko,41.15034,1.110766,Aparcament Carrilet,,,,"Avinguda del Carrilet, 40",Tarragona,43,Reus,2,cotxe i moto,POINT (1.110766 41.15034),421,39
,VIA PUBLICA,semiRAPID i NORMAL,MENNEKES.F+Schuko,41.23018,1.74523,EdRsR Sant Pere de Ribes 2 (AC22kW),22,AC,,"Avinguda de Mas d'En Serra, 2,",Barcelona,8,Sant Pere de Ribes,2,cotxe i moto,POINT (1.74523 41.23018),541,34
TABASA E.S. Tunel Vallvidrera,ESTACIÓ SERVEI,NORMAL,Schuko,41.433258,2.078548,97 TABASA E.S. Tunel Vallvidrera,,,,"Carretera C-16, km 6,45",Barcelona,8,Barcelona,4,cotxe i moto,POINT (2.078548 41.433258),937,26
,,semiRAPID,2xMENNEKES.F,41.28755,1.25847,EdRsR Valls (AC22kW),22,AC,,"Carrer Prat de la Riba, 16",Tarragona,43,Valls,2,,POINT (1.25847 41.28755),500,30
B:SM Serveis Municipals,APARCAMENT PUBLIC,NORMAL,Schuko,41.401794,2.160702,B:SM 47 - Siracusa,,,BAMSA010,"Carrer de Siracusa, 39 - 51",Barcelona,8,Barcelona,1,cotxe,POINT (2.160702 41.401794),512,29
Hotel Turó de la Torre,HOTEL,NORMAL,Schuko,41.73874569186171,1.841205060482025,Hotel Turó de la Torre,,,,"P.I. Els Dolors, Carrer de Sallent, S/N, Torre Alberni",Barcelona,8,Manresa,1,,POINT (1.8412050604820251 41.73874569186171),877,18
Institut Català d'Energia i Ajuntament de Roses,,semiRAPID i NORMAL,2xMENNEKES.F + 2xSchuko,42.26494,3.17073,EdRsR Roses (AC22kW) PIRVEC-22,22,AC,PIRVEC-22,"Avinguda de Rhode, 58",Girona,17,Roses,2,,POINT (3.17073 42.26494),363,6
B:SM Serveis Municipals,APARCAMENT PUBLIC,NORMAL,Schuko,41.388797,2.192651,B:SM 40 - Wellington - Zoo,,,BSM039,"Carrer de Ramon Trias Fargas, 19",Barcelona,8,Barcelona,1,cotxe,POINT (2.192651 41.388797),512,29
Area Metropolitana de Barcelona,VIA PUBLICA (AMB),RAPID i NORMAL,CCS Combo2+ChadeMO+MENNEKES.M+shucko,41.29728,2.00811,EdRR Gavà (DC50kW AC43kW) AMB4,50,AC-DC,AMB4,"Carrer del Progrès, 54",Barcelona,8,Gavà,4,cotxe i moto,POINT (2.00811 41.29728),559,31
Ajuntament de Castelldefels,VIA PUBLICA,NORMAL,Schuko,41.281941,1.980239,Aparcament Arcadi Balaguer-Albert Einstein,,,,Carrer d'Arcadi Balaguer- Carrer d'Albert Einstein,Barcelona,8,Castelldefels,2,cotxe i moto,POINT (1.980239 41.281941),539,31
Parc cientific,APARCAMENT PUBLIC,NORMAL,Schuko,41.381573,2.114353,110 Parc cientific,,,,"Avinguda del Dr. Gregorio Marañón, 8",Barcelona,8,Barcelona,13,cotxe i moto,POINT (2.114353 41.381573),512,29
BIMSA,VIA PUBLICA,NORMAL,Schuko,41.393659,2.148857,Lateral-Mar Diagonal (Casanova-Muntaner) 1,,,LC041,"Avinguda Diagonal, 449",Barcelona,8,Barcelona,2,moto,POINT (2.148857 41.393659),512,29
,,semiRAPID i NORMAL,2xMENNEKES.F+2xSchuko,42.35933,1.69682,EdRsR Martinet (AC22kW),22,AC,,"Camí Montellà, 25",Lleida,25,Martinet,2,,POINT (1.69682 42.35933),433,4
Aparcament Centre Olot,APARCAMENT PUBLIC,NORMAL,MENNEKES.F+Schuko,42.18294,2.48422,Aparcament Centre Olot,,,,"Passeig del Bisbe Ramon Guillamet, 7",Girona,17,Olot,2,cotxe,POINT (2.48422 42.18294),294,10
BIMSA,VIA PUBLICA,semiRAPID,MENNEKES,41.39537,2.153832,(eDUM) Lateral-Muntanya Diagonal (Balmes-Tusset) (7-12kW),7.5,AC,QC008,"Avinguda Diagonal, 508",Barcelona,8,Barcelona,2,mercaderies,POINT (2.153832 41.39537),512,29
AMERSAM,APARCAMENT PUBLIC,NORMAL,MENNEKES.F+Schuko,41.149887,1.105901,Aparcament Pastoreta,,,,"Plaça Pastoreta, 10",Tarragona,43,Reus,2,cotxe i moto,POINT (1.105901 41.149887),421,39
IBIL,ESTACIÓ DE SERVEI (IBIL),RAPID,CCS Combo2+ChadeMO+MENNEKES.M,41.52801,1.8809321,IBIL-ES REPSOL A2 BurgerKing (DC50kW AC43kW),50,AC-DC,,"Carretera C-1414, Autovia A2 km 581,5, sortida 581 dir.TGN o 582B dir.BCN",Barcelona,8,Esparreguera,1,cotxe,POINT (1.8809321 41.52801),608,31
Endesa,VIA PUBLICA,NORMAL,Schuko,41.402999,2.165666,12 AjBCN-Endesa,,,LC004,"Carrer Indústria, 19 - Passeig de Sant Joan",Barcelona,8,Barcelona,2,moto,POINT (2.165666 41.402999),512,29
Ajuntament Montornès,VIA PUBLICA,NORMAL,MENNEKES.F+Schuko,41.545427,2.266663,Ajuntament Montornès,,,,"Avinguda de la Llibertat, 2",Barcelona,8,Montornès del Vallès,2,cotxe i moto,POINT (2.266663 41.545427),706,22
CC ALDI,APARCAMENT CC,NORMAL,MENNEKES.F,41.321165,2.027702,CC ALDI,,,,"Carretera Barcelona, 84",Barcelona,8,Viladecans,4,cotxe,POINT (2.027702 41.321165),511,31
Endesa,VIA PUBLICA,NORMAL,Schuko,41.420013,2.20167,10 AjBCN-Endesa Guipúscoa,,,LC023,"Rambla de Guipúscoa, 103-105",Barcelona,8,Barcelona,2,moto,POINT (2.20167 41.420013),512,29
Institut Català d'Energia i Ajuntament de Mataró,,semiRAPID,2xMENNEKES.F,41.54148,2.44324,EdRsR Mataró Muralla Presó (AC22kW),22,AC,,"Muralla de la Presó, 11",Barcelona,8,Mataró,2,,POINT (2.44324 41.54148),701,25
Ajuntament de  El Masnou,VIA PUBLICA,NORMAL,Schuko,41.4821,2.3229,Ajuntament de El Masnou 2,,,,"Carrer Fontanils, 122",Barcelona,8,El Masnou,1,cotxe o moto,POINT (2.3229 41.4821),96,25
B:SM Serveis Municipals,APARCAMENT PUBLIC,NORMAL,Schuko,41.384087,2.142749,B:SM 44 - Tarradelles-Nicaragua,,,BAMSA014,"Avinguda  de Josep Tarradellas, 46",Barcelona,8,Barcelona,1,cotxe,POINT (2.142749 41.384087),512,29
ENGESTUR,APARCAMENT CC,NORMAL,Schuko,41.454780677,2.246644505,CC BCN-Manel Valls,,,,Plaça Manel Valls,Barcelona,8,Badalona,6,,POINT (2.246644505 41.454780677),531,29
B:SM Serveis Municipals,APARCAMENT PUBLIC,NORMAL,MENNEKES.F+Schuko,41.413015,2.221156,B:SM 30 - Plaça del Fòrum,,,BSM027,"Carrer del Camp de la Bota 4C, - Plaça Ernest Narcís i Roca",Barcelona,8,Barcelona,4+2,cotxe i moto,POINT (2.221156 41.413015),841,29
Gas Natural Fenosa,,RAPID,CCS Combo2+ChadeMO+MENNEKES.M,41.52427,2.42684,EdRR Mataró Tub Verd COFAST (DC50kW AC43kW),50,AC-DC,,"Carretera N-II, km 644",Barcelona,8,Mataró,2,,POINT (2.42684 41.52427),701,25
HOTEL NH CONSTANZA,HOTEL,NORMAL,Schuko,41.3893292,2.166049599999951,HOTEL NH CALDERON,,,,"Rambla de Catalunya, 26",Barcelona,8,Barcelona,1,,POINT (2.166049599999951 41.3893292),512,29
,,,CCS Combo2+ChadeMO+MENNEKES.M,41.37302,2.17892,EdRR-Port de Barcelona (DC50kW AC43kW),50,AC-DC,,,Barcelona,8,Barcelona,1,cotxe,POINT (2.17892 41.37302),512,29
ENGESTUR,APARCAMENT CC,NORMAL,Schuko,41.452527719,2.249290201,CC BCN-El Viver,,,,"Avinguda  President Companys, 3",Barcelona,8,Badalona,6,,POINT (2.249290201 41.452527719),531,29
,ESTACIÓ DE SERVEI (IBIL),RAPID,CCS Combo2+ChadeMO+MENNEKES.M,41.25597,1.77889,IBIL ES REPSOL SANT PERE DE RIBES (DC50kW AC43kW),50,AC-DC,,"Avinguda de Sitges, 100",Barcelona,8,Sant Pere de Ribes,2,,POINT (1.77889 41.25597),541,34
MEROIL,ESTACIÓ SERVEI,NORMAL,Schuko,41.448,2.1883,Meroil Meridiana,,,,"Avinguda Meridiana, 666",Barcelona,8,Barcelona,1,cotxe i moto,POINT (2.1883 41.448),512,29
Endesa,VIA PUBLICA,NORMAL,Schuko,41.390945,2.196515,13 AjBCN-Endesa,,,LC034,"Avinguda  d'Icària, 145 - Carrer de Rosa Censat, 14",Barcelona,8,Barcelona,2,moto,POINT (2.196515 41.390945),512,29
Boï-Taull resort,APARCAMENT HOTEL,NORMAL,Schuko,42.5157068,0.8565367,Boï-Taull Resort,,,,"Urbanización Pla de L'Ermita, Carrer Sant Quirze, s/n",Lleida,25,Boï-Taüll,,cotxe i moto,POINT (0.8565367 42.5157068),321,3
B:SM Serveis Municipals,APARCAMENT PUBLIC,NORMAL,Schuko,41.379559,2.16201,B:SM 46 - Urgell,,,BAMSA003,"Carrer del Comte d'Urgell, 14",Barcelona,8,Barcelona,1,cotxe,POINT (2.16201 41.379559),512,29
TESLA Hotel Mas la Boella,APARCAMENT HOTEL,superRAPID,TESLA+MENNEKES.F,41.134761,1.169125,TESLA Supercarregador - Tarragona - Hotel Mas la Boella (120kW),120,DC,,"Autovia T-11 sortida 12, La Canonja",Tarragona,43,La Canonja,4,cotxe,POINT (1.169125 41.134761),235,37
Area Metropolitana de Barcelona,VIA PUBLICA (AMB),RAPID i NORMAL,CCS Combo2+ChadeMO+MENNEKES.M+shucko,41.4828,2.05134,EdRR Sant Cugat (DC50kW AC43kW) AMB8,50,AC-DC,AMB8,"Avinguda de la Via Augusta, 2-14",Barcelona,8,Sant Cugat del Vallès,2,,POINT (2.05134 41.4828),937,26
,,NORMAL,Schuko,41.56035,2.00633,Plaça Progrés-Motos,,,,"Carrer Arquimedes, 142",Barcelona,8,Terrassa,2,cotxe,POINT (2.00633 41.56035),862,26
Ajuntament Avià,VIA PUBLICA,semiRAPID,MENNEKES.F,42.07696,1.82252,EdRsR Avià (AC22kW),22,AC,,"Avinguda Pau Casals,22",Barcelona,8,Àvia,1,cotxe i moto,POINT (1.82252 42.07696),103,8
Institut Català d'Energia i Ajuntament de Sant Feliu de Guíxols,,semiRAPID,2xMENNEKES.F,41.79432,3.01903,EdRsR Guíxols-Mas Trempat (AC22kW) PIRVEC-30,22,AC,PIRVEC-30,"Carrer Mas Trempat, 1",Girona,17,Sant Feliu de Guíxols,2,,POINT (3.01903 41.79432),852,16
,,semiRAPID i NORMAL,2xMENNEKES.F+Schuko,41.14367,1.12927,EdRsR FiraReus (7.5kW),7.5,AC,,Avinguda Argentina,Tarragona,43,Reus,,,POINT (1.12927 41.14367),421,39
,,semiRAPID,2xMENNEKES.F,41.75166,1.87694,EdRsR Sant Fruitós del Bages 1 (AC22kW),22,AC,,"Carretera de Vic, 96",Barcelona,8,Sant Fruitós de Bages,,,POINT (1.87694 41.75166),788,18
Ajuntament de Cabrils,APARCAMENT PUBLIC,NORMAL,Schuko,41.526897,2.366464,Aparcament Concòrdia,,,,"Carrer del Torrent Roig, 6, Aparcament",Barcelona,8,Cabrils,1,cotxe i moto,POINT (2.366464 41.526897),712,25
B:SM Serveis Municipals,APARCAMENT PUBLIC,NORMAL,MENNEKES.F+Schuko,41.4053,2.1429,B:SM 22 - Mitre Putxet,,,BSM018,"Ronda General Mitre, 203",Barcelona,8,Barcelona,2,cotxe,POINT (2.1429 41.4053),512,29
B:SM Serveis Municipals,APARCAMENT PUBLIC,NORMAL,MENNEKES.F+Schuko,41.403165,2.189422,B:SM 3 - Badajoz -Glòries,,,BSM020,"Carrer de Badajoz, 168",Barcelona,8,Barcelona,3+2,cotxe i moto,POINT (2.189422 41.403165),512,29
SABA,APARCAMENT PUBLIC,NORMAL,Schuko,41.387398,2.168515,77 SABA Rambla Catalunya,,,,"Rambla de Catalunya, 15",Barcelona,8,Barcelona,2,cotxe,POINT (2.168515 41.387398),512,29
HOTEL MELIÀ SITGES,APARCAMENT PUBLIC,NORMAL,Schuko,41.23712,1.82353,Hotel Melià Sitges,,,,"Joan Salvat Papasseit, 38",Barcelona,8,Sitges,4,cotxe i moto,POINT (1.82353 41.23712),457,34
B:SM Serveis Municipals,APARCAMENT PUBLIC,NORMAL,MENNEKES.F+Schuko,41.382737,2.194412,B:SM 15 - Hospital del Mar,,,BSM031,"Passeig  Marítim de la Barceloneta, 23-31",Barcelona,8,Barcelona,6+3,cotxe i moto,POINT (2.194412 41.382737),512,29
Abertis-saba,VIA PUBLICA,NORMAL,Schuko,41.340265,2.125109,Seu zona franca Abertis,,,,Carrer numero Un,Barcelona,8,Barcelona,2,cotxe i moto,POINT (2.125109 41.340265),512,29
TESLA,APARCAMENT HOTEL,semiRAPID,TESLA,41.37035,2.17139,TESLA Destinació - Hotel Miramar (22kW),22,AC,,"Plaça Carlos Ibañez, 3",Barcelona,8,Barcelona,2,cotxe,POINT (2.17139 41.37035),512,29
GAICU,VIA PUBLICA,RAPID,CCS Combo2+ChadeMO+MENNEKES.M,41.431152,2.183394,EdRR-Meridiana-Estació BUS (DC50kW AC43kW),50,AC-DC,FC008,"Avinguda Meridiana, 400E",Barcelona,8,Barcelona,1,cotxe,POINT (2.183394 41.431152),512,29
Estabanell y Pahisa,VIA PUBLICA (codiQR),NORMAL,Schuko,41.682718,2.2825619,EP-Estabanell y Pahisa-Antic Safareig,,,,Passeig del Congost - Carretera Nova,Barcelona,8,La Garriga,1,cotxe,POINT (2.2825619 41.682718),627,22
CC IKEA SABADELL,APARCAMENT CC,NORMAL,MENNEKES.F+Schuko,41.511,2.1063,CC IKEA SABADELL (7.5kW),7.5,AC,,Carrer de Serra del Galliners- Pssg Sant Pau de Riu Sec,Barcelona,8,Sabadell,21,cotxe i moto,POINT (2.1063 41.511),660,26
B:SM Serveis Municipals,APARCAMENT PUBLIC,NORMAL,MENNEKES.F+Schuko,41.401408,2.133986,B:SM 12 - Ferran Casablancas,,,BSM003,"Carrer de Josep Balari, 9",Barcelona,8,Barcelona,3+1,cotxe i moto,POINT (2.133986 41.401408),512,29
SABA,APARCAMENT PUBLIC,NORMAL,Schuko,41.389408,2.183425,78 SABA Lluís Companys,,,,"Passeig Lluís Companys, 2",Barcelona,8,Barcelona,4,cotxe,POINT (2.183425 41.389408),512,29
Institut Català d'Energia i Ajuntament de Montblanc,,RAPID,CCS Combo2+ChadeMO+MENNEKES.M i 2xShucko+2MENNEKES.F,41.37739,1.16358,EdRR Montblanc (DC50kW AC43kW+AC22kW) PIRVEC-14,50,AC-DC,PIRVEC-14,"Muralla de Santa Tecla, 51",Tarragona,43,Montblanc,4,,POINT (1.16358 41.37739),783,28
CC BARNASUD,"APARCAMENT CC P-1, Zona Carrefour",NORMAL,Schuko,41.296209,2.006457,CC BARNASUD,,,,"Carrer del Progrés, 69 - Carrer de l'Energia, 30",Barcelona,8,Gavà,2,cotxe i moto,POINT (2.006457 41.296209),559,31
,,,,41.08313,0.95859,EdRsR Mont-Roig del Camp Miami (AC22kW),22,AC,,"Carrer de Soria, 17",Tarragona,43,Mont-Roig del Camp,,,POINT (0.95859 41.08313),155,39
Gintra-Ap. Parc Central,APARCAMENT PUBLIC,NORMAL,Schuko,41.544018552,2.440582297,Gintra-Ap. Parc Central,,,,"Camí de la Geganta, 15",Barcelona,8,Mataró,1,,POINT (2.440582297 41.544018552),701,25
,VIA PUBLICA,semiRAPID,2xMENNEKES.F,41.79012,2.78023,EdRsR Vidreres (AC22kW),22,AC,,"Carrer Costa Brava, 123",Girona,17,Vidreres,2,cotxe,POINT (2.78023 41.79012),810,20
B:SM Serveis Municipals,APARCAMENT PUBLIC,NORMAL,MENNEKES.F+Schuko,41.37212,2.156625,B:SM 7 - Ciutat del Teatre,,,BSM008,"Carrer de la França Xica, 35",Barcelona,8,Barcelona,3,cotxe,POINT (2.156625 41.37212),512,29
B:SM Serveis Municipals,APARCAMENT PUBLIC,NORMAL,MENNEKES.F+Schuko,41.396853,2.126718,B:SM 6 -  Cardenal Sentmenat - Vergós,,,BSM030,"Carrer del Cardenal de Sentmenat, 8",Barcelona,8,Barcelona,3+3,cotxe i moto,POINT (2.126718 41.396853),512,29
TESLA,APARCAMENT HOTEL,semiRAPID,TESLA,41.38702,2.19608,TESLA Destinació - Hotel Arts (22kW),22,AC,,Carrer de la Marina 19-21,Barcelona,8,Barcelona,2,cotxe,POINT (2.19608 41.38702),512,29
,,semiRAPID,TESLA i MENNEKES,41.44083,2.19849,CC La Maquinista (22kW),22,AC,,"Carrer de Potosí, 2",Barcelona,8,Barcelona,4,,POINT (2.19849 41.44083),512,29
Institut Català d'Energia i GAICU,VIA PUBLICA,RAPID,CCS Combo2+ChadeMO+MENNEKES.M,41.37996,2.13914,"EdRRx2-Estació Sants, Ap. Zona Autobusos (DC50kW AC43kW)",50,AC-DC,PIRVEC-11 + FC003,"Carrer Viriat, 5-23",Barcelona,8,Barcelona,2,cotxe,POINT (2.13914 41.37996),512,29
GAICU,VIA PUBLICA,semiRAPID i NORMAL,MENNEKES.F+Schuko,4140562,2.19299,(eDUM) El Parc i la Llacuna (7.4kW),7.5,AC,QC001,"Carrer de la Llacuna, 149",Barcelona,8,Barcelona,2,mercaderies,POINT (2.19299 4140562),,
TESLA,APARCAMENT HOTEL,semiRAPID,TESLA,40.582356,0.555737,TESLA Destinació - Hotel Carlos III (22kW),22,AC,,"Carretera de Sant Carles a Alcanar, km 4",Tarragona,43,Alcanar,1,cotxe,POINT (0.555737 40.582356),228,41
Ajuntament de Terrassa,APARCAMENT PUBLIC,NORMAL,Schuko,41.56074,2.0064,Plaça Progrés-Cotxes,,,,"Carrer Arquimedes, 155",Barcelona,8,Terrassa,3,moto,POINT (2.0064 41.56074),862,26
,,semiRAPID i NORMAL,MENNEKES.F+Schuko,41.18619,1.51388,Caprabo Benzinera,,,,Avinguda Masos-Carretera N-340,Tarragona,43,El Vendrell,2,cotxe i moto,POINT (1.51388 41.18619),456,33
B:SM Serveis Municipals,APARCAMENT PUBLIC,NORMAL,MENNEKES.F+Schuko,41.386972,2.197056,B:SM 19 - Marina Port,,,BSM013,"Carrer de la Marina, 13-17",Barcelona,8,Barcelona,7+2,cotxe i moto,POINT (2.197056 41.386972),512,29
,,semiRAPID,2xMENNEKES.F,41.75275,1.87231,EdRsR Sant Fruitós del Bages 2 (AC22kW),22,AC,,"Avinguda Bertrand i Serra, 22",Barcelona,8,Sant Fruitós de Bages,,,POINT (1.87231 41.75275),788,18
Institut Català d'Energia i GAICU,VIA PUBLICA,RAPID,CCS Combo2+ChadeMO+MENNEKES.M,41.432965,2.203728,EdRR-Fra Juniper Serra (DC50kW AC43kW),50,AC-DC,PIRVEC-9 + FC015,"Carrer Fra Juniper Serra,  59",Barcelona,8,Barcelona,1,cotxe,POINT (2.203728 41.432965),512,29
Ajuntament de Mataró,,semiRAPID,,41.53882,2.44245,EdRsR Mataró Tereses (AC22kW),22,AC,,"Plaça de les Tereses, 3-5",Barcelona,8,Mataró,2,,POINT (2.44245 41.53882),701,25
B:SM Serveis Municipals,APARCAMENT PUBLIC,NORMAL,Schuko,41.385727,2.14285,B:SM 52 - Tarradelles-Entença,,,BAMSA013,"Avinguda  de Josep Tarradellas, 64",Barcelona,8,Barcelona,1,cotxe,POINT (2.14285 41.385727),512,29
Institut Català d'Energia i Ajuntament de Puigcerdà,,RAPID,CCS Combo2+ChadeMO+MENNEKES.M,42.42681,1.92922,EdRR Puigcerdà (DC50kW AC43kW) PIRVEC-20,50,AC-DC,PIRVEC-20,"Camí d'Age, 21",Girona,17,Puigcerdà,2,,POINT (1.92922 42.42681),348,4
B:SM Serveis Municipals,APARCAMENT PUBLIC,NORMAL,Schuko,41.42077,2.151564,B:SM 43 - Salvador Allende,,,BSM040,Plaça de Salvador Allende,Barcelona,8,Barcelona,4,cotxe,POINT (2.151564 41.42077),512,29
,VIA PUBLICA,semiRAPID i NORMAL,MENNEKES.F+Schuko,41.15188,1.21437,EdRsR Constantí (AC22kW),22,AC,,"Carrer de Barcelona, 10",Tarragona,17,Constantí,2,cotxe i moto,POINT (1.21437 41.15188),420,37
REGESA,APARCAMENT PUBLIC,NORMAL,Schuko,41.41851,2.186116,74 REGESA Ferran Reyes,,,,"Plaça de Ferran Reyes, 9",Barcelona,8,Barcelona,4,cotxe,POINT (2.186116 41.41851),512,29
B:SM Serveis Municipals,APARCAMENT PUBLIC,NORMAL,MENNEKES.F+Schuko,41.459612,2.175628,B:SM 42 - Ciutat Meridiana,,,BSM035,"Carrer dels Rasos de Peguera, 51 S",Barcelona,8,Barcelona,3,cotxe o moto,POINT (2.175628 41.459612),512,29
,,semiRAPID,CCS Combo2+ChadeMO+MENNEKES.F,41.34179,1.70083,EdRsR Vilafranca del Penedés (DC25kW AC22kW),22,DC,,Camp del Cellerot,Barcelona,8,Vilafranca del Penedès,2,,POINT (1.70083 41.34179),940,32
Aparcament Europa,APARCAMENT PUBLIC,NORMAL,Schuko,41.729438,1.824378,Aparcament Europa,,,,"Carrer Pere III, 55A",Barcelona,8,Manresa,2,cotxe,POINT (1.824378 41.729438),877,18
La Roca Village,APARCAMENT,semiRAPID i NORMAL,MENNEKES.F+Schuko,41.61369,2.34549,CC La Roca Village Aparcament (11kW),11,AC,,P.I. Can Massaguer Nord,Barcelona,8,La Roca del Vallès,2,cotxe i moto,POINT (2.34549 41.61369),939,22
Institut Català d'Energia i Ajuntament de Girona,VIA PUBLICA,RAPID,CCS Combo2+ChadeMO+MENNEKES.M,41.96365,2.81488,EdRR Girona Sud -Quim Torra- (DC50kW AC43kW),50,AC-DC,PIRVEC-6,"Carrer del Riu Cardener, 30",Girona,17,Girona,2,cotxe,POINT (2.81488 41.96365),133,14
Endesa,VIA PUBLICA,NORMAL,Schuko,41.392296,2.132156,15 AjBCN-Endesa Sarrià-Ricard Villa,,,LC013,"Avinguda  de Sarrià, 130",Barcelona,8,Barcelona,2,moto,POINT (2.132156 41.392296),512,29
Vincipark,APARCAMENT PUBLIC,NORMAL,Schuko,41.373722,2.170482,Aparcament Vincipark Vilà i Vilà,,,,"Carrer de Vilà i Vilà, 44",Barcelona,8,Barcelona,3,cotxe i moto,POINT (2.170482 41.373722),512,29
CC CARREFOUR MANRESA,APARCAMENT CC,NORMAL,Schuko,41.7227,1.8456,CC CARREFOUR MANRESA,,,,Carrer de Joan Fuster-Avinguda Països Catalans,Barcelona,8,Manresa,1,,POINT (1.8456 41.7227),877,18
,,semiRAPID i NORMAL,MENNEKES.F + Schuko,41.74441,1.8054,EdRsR Vilatorrada (AC22kW),22,AC,,"Carrer Major, 54",Barcelona,8,Sant Joan de Vilatorrada,,,POINT (1.8054 41.74441),819,18
Ajuntament de  El Masnou,VIA PUBLICA,FORA DE SERVEI,Schuko,41.477990439,2.304726294,Ajuntament de El Masnou 1,,,,"Passeig Joan Carles I, 12",Barcelona,8,El Masnou,1,,POINT (2.304726294 41.477990439),96,25
BIMSA,VIA PUBLICA,NORMAL,Schuko,41.396282,2.159285,Lateral-Mar Diagonal (Còrsega) 2,,,LC046,"Avinguda Diagonal, 387",Barcelona,8,Barcelona,2,moto,POINT (2.159285 41.396282),512,29
Hotel MEDITERREAN LODGE L'Ampolla Resort,HOTEL,NORMAL,Schuko,40.8212,0.6887,Hotel MEDITERRANEAN LODGE L'Ampolla Resort,,,,"Partida Mataret, 155",Tarragona,43,L'Ampolla,1,cotxe i moto,POINT (0.6887 40.8212),212,40
TESLA,APARCAMENT HOTEL,semiRAPID,TESLA,41.79054,3.0558,TESLA Destinació - Hostal de la Gavina (11kW),11,AC,,"Plaça Rosaleda, S/N",Girona,17,S'Agaró,1,cotxe,POINT (3.0558 41.79054),749,16
Endesa,VIA PUBLICA,NORMAL,Schuko,41.389255,2.161321,28 AjBCN-Endesa-Aragó-Pl.Letamendi,,,LC008,"Plaça del Dr. Letamendi, 30-33",Barcelona,8,Barcelona,2,moto,POINT (2.161321 41.389255),512,29
,,semiRAPID,,40.80762,0.52007,EdRsR Tortosa (AC22kW) PIRVEC-24,22,AC,PIRVEC-24,"Carrer d'Alcanyís, 9",Tarragona,43,Tortosa,,,POINT (0.52007 40.80762),211,40
CC CARREFOUR Tarragona,APARCAMENT CC,NORMAL,Schuko,41.12742844368022,1.206863969564438,CC CARREFOUR TARRAGONA,,,,"Carretera de Reus, 57-59, AP-7",Tarragona,43,Tarragona,2,cotxe i moto,POINT (1.2068639695644379 41.12742844368022),230,37
Area Metropolitana de Barcelona,VIA PUBLICA (AMB),RAPID i NORMAL,CCS Combo2+ChadeMO+MENNEKES.M+shucko,41.49223,2.1856,EdRR Montcada i Reixac (DC50kW AC43kW) AMB10,50,AC-DC,AMB10,"Carrer Tarragona, 32",Barcelona,8,Montcada i Reixac,2,,POINT (2.1856 41.49223),936,26
Endesa,VIA PUBLICA,NORMAL,Schuko,41.393948,2.156007,22 AjBCN-Endesa,,,LC003,"Carrer de Còrsega, 264",Barcelona,8,Barcelona,2,moto,POINT (2.156007 41.393948),512,29
B:SM Serveis Municipals,APARCAMENT PUBLIC,NORMAL,Schuko,41.383144,2.150551,B:SM 55 - Calàbria-València,,,BAMSA008,"Carrer de València,77 - Carrer de Calàbria, 182",Barcelona,8,Barcelona,1,cotxe,POINT (2.150551 41.383144),512,29
Bassols energia,APARCAMENT PUBLIC,NORMAL,MENNEKES.F+Schuko,42.18294,2.48422,Aparcament Centre,,,,"Carrer Bisbe Ramon Guillamet, 7",Girona,17,Olot,2,cotxe i moto,POINT (2.48422 42.18294),294,10
,VIA PUBLICA,semiRAPID i NORMAL,MENNEKES.F+Schuko,41.23829,1.75831,EdRsR Sant Pere de Ribes 3 (AC6kW),6,AC,,"Carrer les Modistes, 8",Barcelona,8,Sant Pere de Ribes,2,cotxe i moto,POINT (1.75831 41.23829),541,34
B:SM Serveis Municipals,APARCAMENT PUBLIC,NORMAL,MENNEKES.F+Schuko,41.4092,2.1681,B:SM 18 - Marina Gracia,,,BSM025,"Carrer de la Marina, 345",Barcelona,8,Barcelona,4+2,cotxe i moto,POINT (2.1681 41.4092),512,29
22@,VIA PUBLICA,NORMAL,Schuko,41.396934,2.199915,30 AjBCN-22@ Ciutat de Granada,,,LC025,"Carrer de la Ciutat de Granada, 19",Barcelona,8,Barcelona,1,cotxe i moto,POINT (2.199915 41.396934),512,29
Ajuntament de la Seu d'Urgell,VIA PUBLICA,semiRAPID i NORMAL,MENNEKES.F+Schuko,42.3556,1.46035,EdRsR La Seu d'Urgell (AC22kW),22,AC,,Passeig Joan Brudieu,LLeida,25,La Seu d'Urgell,2,cotxe,POINT (1.46035 42.3556),387,5
,VIA PUBLICA,superRAPID,TESLA,42.35895,1.46278,TESLA Supercarregador - La Seu d'Urgell (120kW),120,DC,,,Lleida,25,La Seu d’Urgell,10,cotxe,POINT (1.46278 42.35895),387,5
PETROMIRALLES,ESTACIÓ SERVEI,NORMAL,Schuko,41.588905,1.6218929,ES PetroMiralles,,,,"Carrer Guimaraes, 2",Barcelona,8,Igualada,1,,POINT (1.6218929 41.588905),595,24
Institut Català d'Energia i Ajuntament de Roses,,semiRAPID i NORMAL,CCS Combo2+ChadeMO+MENNEKES.F,42.26344,3.1787,EdRsR Roses (DC28kW AC22kW) PIRVEC-21,22,AC-DC,PIRVEC-21,"Carrer de la Riera Ginjolers, 68",Girona,17,Roses,2,,POINT (3.1787 42.26344),363,6
Institut Català d'Energia i Ajuntament d'Amposta,VIA PUBLICA,RAPID,CCS Combo2+ChadeMO+MENNEKES.M,40.7124,0.57921,EdRR Amposta (DC50kW AC43kW),50,AC-DC,PIRVEC-1,"Avinguda de l'Alcalde Palau, 57",Tarragona,43,Amposta,2,cotxe,POINT (0.57921 40.7124),227,41
ESSER,ESTACIÓ DE SERVEI,RAPID,CCS Combo2+ChadeMO+MENNEKES.M,41.71353,2.83089,EdRR ESSER Lloret (DC50kW AC43kW),50,AC-DC,,"Avinguda de les Alegries, 89-91",Barcelona,8,Lloret de Mar,2,,POINT (2.83089 41.71353),751,20
Endesa,VIA PUBLICA,NORMAL,Schuko,41.43491,2.148409,03 AjBCN-Endesa Vall d'Hebron,,,LC032,"Arquitecte Moragas,31 - Avinguda  Can Marcet,36",Barcelona,8,Barcelona,2,moto,POINT (2.148409 41.43491),512,29
Ajuntament de Manresa,VIA PUBLICA,semiRAPID i NORMAL,MENNEKES.F+Schuko,41.73682408,1.82836016,EdRsR Escola Politècnica Superior d'Enginyeria (AC22kW i 3.7kW),22,AC,,"Avinguda de les bases de Manresa, 61",Barcelona,8,Manresa,1,,POINT (1.82836016 41.73682408),877,18
Melià BCN,HOTEL,NORMAL,Schuko,41.390865,2.141604,Melià BCN,,,,"Avinguda  Sarrià, 50",Barcelona,8,Barcelona,2,cotxe,POINT (2.141604 41.390865),512,29
VNG Charlie Rivel,APARCAMENT PUBLIC,NORMAL,Schuko,41.220585799,1.723097599,Aparcament Charlie Rivel,,,,"Carrer del Pare Garí, 91",Barcelona,8,Vilanova i la Geltrú,2,cotxe i moto,POINT (1.723097599 41.220585799),412,34
Endesa,VIA PUBLICA,NORMAL,Schuko,41.438882,2.181366,09 AjBCN-Endesa,,,LC018,"Carrer Rio de Janeiro, 81 - Passeig Valldaura",Barcelona,8,Barcelona,2,moto,POINT (2.181366 41.438882),512,29
BIMSA,VIA PUBLICA,RAPID,CCS Combo2+ChadeMO+MENNEKES.M,41.388226,2.169769,(eTAXI)EdRR-Passeig de Gràcia-Casp (DC50kW AC43kW),50,AC-DC,FC010,"Passeig de Gràcia, 3",Barcelona,8,Barcelona,1,cotxe,POINT (2.169769 41.388226),512,29
Port Aventura,APARCAMENT PORT AVENTURA,NORMAL,MENNEKES.F+Schuko,41.087507,1.152312,Aparcament Port Aventura World,,,,Avinguda Pere Molas,Tarragona,43,Salou,2,cotxe i moto,POINT (1.152312 41.087507),160,37
Gran Jonquera,APARCAMENT CC,NORMAL,MENNEKES.F+Schuko,42.40251,2.88104,Gran Jonquera,,,,"Avinguda de Galícia, 22-28",Girona,17,La Jonquera,4+2,cotxe i moto,POINT (2.88104 42.40251),344,6
SERVICIOS MERIDIANA,APARCAMENT PUBLIC,NORMAL,Schuko,41.402645,2.202802,116 SERVICIOS MERIDIANA,,,,"Passatge Saladrigas, 4-6",Barcelona,8,Barcelona,6,cotxe i moto,POINT (2.202802 41.402645),512,29
TABASA,APARCAMENT PUBLIC,NORMAL,Schuko,41.4812,2.0726,TABASA Estació FGC VOLPELLERES,,,,Plaça de l'estació,Barcelona,8,Sant Cugat del Valles,1,cotxe,POINT (2.0726 41.4812),937,26
"IBERDROLA SERVICIOS ENERGETICOS, SAU",VIA PUBLICA,NORMAL,Schuko,41.4064,2.2012,123 MOBECPOINT-Hotel Me,,,LC040,"Carrer de Lope de Vega, 158 - Carrer Pere IV",Barcelona,8,Barcelona,9,moto,POINT (2.2012 41.4064),512,29
,,semiRAPID,2xMENNEKES.F,41.74441,1.8054,EdRsR Sant Joan de Vilatorrada (AC22kW),22,AC,,"Carrer Major, 54",Barcelona,8,Sant Joan de Vilatorrada,2,,POINT (1.8054 41.74441),819,18
ENGESTUR,APARCAMENT CC,NORMAL,Schuko,41.454699911,2.243362333,CC BCN-Illa Central,,,,Avinguda  Martí Pujol,Barcelona,8,Badalona,6,,POINT (2.243362333 41.454699911),531,29
,,semiRAPID,2xMENNEKES.F + 2xSchuko,41.5858,2.17639,EdRsR Fenie Palau de Plegamans i Solità (AC22kW),22,AC,,"Carrer de Folch i Torres, 37",Barcelona,8,Palau de Plegamans i Solità,2,cotxe,POINT (2.17639 41.5858),577,26
,APARCAMENT HOTEL,semiRAPID,TESLA,41.91431,1.68565,TESLA Destinació - Parador Cardona (11kW),11,AC,,Castell de Cardona s/n,Barcelona,9,Cardona,2,,POINT (1.68565 41.91431),140,18
AMERSAM,APARCAMENT PUBLIC,NORMAL,MENNEKES.F+Schuko,41.152793,1.10902,Aparcament Baluard,,,,"Raval Robuster, 47",Tarragona,43,Reus,2,cotxe i moto,POINT (1.10902 41.152793),421,39
Institut Català d'Energia i Ajuntament de Mataró,,semiRAPID,2xMENNEKES.F,41.54458,2.44729,EdRsR Mataró Rocafonda (AC22kW),22,AC,,"Carrer Rocafonda, 2",Barcelona,8,Mataró,2,,POINT (2.44729 41.54458),701,25
,,semiRAPID i NORMAL,MENNEKES.F+Schuko,41.58935,1.62138,Aparcament Park Igualada N SIMA (AC22kW),22,AC,,"Carrer de Lecco, 30",Barcelona,8,Igualada,2,,POINT (1.62138 41.58935),595,24
HOTEL NH CONSTANZA,HOTEL,NORMAL,Schuko,41.38879,2.136332,103 HOTEL NH CONSTANZA,,,,"Carrer de Déu i Mata, 69",Barcelona,8,Barcelona,1,cotxe,POINT (2.136332 41.38879),512,29
Ajuntament Cambrils,VIA PUBLICA,semiRAPID i NORMAL,MENNEKES.F+Schuko,41.06491,1.05732,EdRsR Cambrils 1 (7.5kW),7.5,AC,,"Carrer de Robert Gerhard, 4",Tarragona,43,Cambrils,4,cotxe i moto,POINT (1.05732 41.06491),158,39
AMERSAM,APARCAMENT PUBLIC,NORMAL,MENNEKES.F+Schuko,41.15932,1.102465,Aparcament Sant Ferran,,,,"Carrer de Joan Martell, 23",Tarragona,43,Reus,2,cotxe i moto,POINT (1.102465 41.15932),421,39
B:SM Serveis Municipals,APARCAMENT PUBLIC,NORMAL,Schuko,41.385654,2.177128,B:SM 51 - Mercat Santa Caterina,,,BAMSA004,"Avinguda  de Francesc Cambó, 10",Barcelona,8,Barcelona,1,cotxe o moto,POINT (2.177128 41.385654),512,29
TESLA,VIA PUBLICA,superRAPID,TESLA,40.75288,0.60629,TESLA Supercarregador - L'Aldea (120kW),120,DC,,"P.I. Les Mercaderias N-235, N-340",Tarragona,43,L'Aldea,6,cotxe,POINT (0.60629 40.75288),216,40
Aparcament Els Costals,APARCAMENT PUBLIC,NORMAL,Schuko,41.4741,1.98295,Aparcament Els Costals,,,,"Avinguda de Pau Casals, 16",Barcelona,8,Castellbisbal,,cotxe i moto,POINT (1.98295 41.4741),946,26
AEB,VIA PUBLICA,NORMAL,Schuko,41.394226,2.169715,88 AjBCN-ETRA COBRA Bruc-Consell de Cent,,,LC007,"Carrer del Bruc, 84",Barcelona,8,Barcelona,2,cotxe i moto,POINT (2.169715 41.394226),512,29
Ajuntament Sant Vicenç Montalt,APARCAMENT PUBLIC,NORMAL,Schuko,41.56712807840754,2.521523907780647,"Pèrgola FV, Aparcament N-II",,,,"Carretara N-II, Carretera Sant Vicenç de Montalt BV-5034",Barcelona,8,Caldes d'Estrach,2,cotxe i moto,POINT (2.5215239077806473 41.56712807840754),757,25
B:SM Serveis Municipals,APARCAMENT PUBLIC,NORMAL,MENNEKES.F+Schuko,41.405746,2.162722,B:SM 28 - Plaça Joanic,,,BSM021,"Carrer de l'Escorial, 1 - Pl. Joanic, 1",Barcelona,8,Barcelona,3+1,cotxe i moto,POINT (2.162722 41.405746),512,29
CORIO REAL ESTATE,APARCAMENT CC,NORMAL,Schuko,41.375511,2.182206,CC Maremagnum,,,,"Moll d'Espanya, 5",Barcelona,8,Barcelona,2+3,cotxe i moto,POINT (2.182206 41.375511),512,29
Institut Català d'Energia i Vandellòs i l'Hospitalet de l'Infant,,RAPID,CCS Combo2+ChadeMO+MENNEKES.M,40.99197,0.92147,EdRR Vandellòs i Hospitalet de l'Infant (DC50kW AC43kW) PIRVEC-13,50,AC-DC,PIRVEC-13,"Carretera de Móra, 5",Tarragona,43,Vandellòs i l'Hospitalet i l'infant,2,,POINT (0.92147 40.99197),165,39
,,NORMAL,MENNEKES.M,41.40323,2.17113,Aparcament Sicilia,,,,"Carrer de Sicilia, 257",Barcelona,8,Barcelona,2,,POINT (2.17113 41.40323),512,29
Ajuntament de Vic,VIA PUBLICA,NORMAL,Schuko,41.933748,2.248307,Rectorat Universitat VIC,,,,"Carrer Miramarges, 4",Barcelona,8,Vic,2,moto,POINT (2.248307 41.933748),912,13
BIMSA,VIA PUBLICA,NORMAL,Schuko,41.396281,2.159284,Lateral-Mar Diagonal (Còrsega) 1,,,LC045,"Avinguda Diagonal, 387",Barcelona,8,Barcelona,2,moto,POINT (2.159284 41.396281),512,29
IBIL,ESTACIÓ DE SERVEI (IBIL),RAPID,CCS Combo2+ChadeMO+MENNEKES.M,41.11432,1.15586,IBIL ES REPSOL-Vilaseca (DC50kW AC43kW),50,AC-DC,,Avinguda Vila del Comú 22A,Tarragona,43,Vilaseca,1,cotxe,POINT (1.15586 41.11432),231,37
GAICU,VIA PUBLICA,semiRAPID,MENNEKES.F,41.375233,2.151765,(eTAXI) Llançà - Paral·lel (7.4kW),7.5,AC,QC006,"Carrer de Llançà, 3 - Avinguda  del Paral·lel",Barcelona,8,Barcelona,2,taxi,POINT (2.151765 41.375233),512,29
Area Metropolitana de Barcelona,VIA PUBLICA (AMB),RAPID i NORMAL,CCS Combo2+ChadeMO+MENNEKES.M+shucko,41.37443,2.07219,EdRR Sant Joan Despí-TV3 (DC50kW AC43kW) AMB3,50,AC-DC,AMB3,"Carrer de la TV3, 1",Barcelona,8,Sant Joan Despí,4,cotxe i moto,POINT (2.07219 41.37443),669,31
Mercat de Rubí,,NORMAL,Schuko,41.488958,2.0353593,Mercat de Rubí,,,,"Carrer Llobateres, 89",Barcelona,8,Rubí,1,,POINT (2.0353593 41.488958),908,26
REGESA,APARCAMENT PUBLIC,NORMAL,Schuko,41.420441,2.180899,75 REGESA Maragall,,,,"Plaça de Maragall, 1",Barcelona,8,Barcelona,4,cotxe,POINT (2.180899 41.420441),512,29
B:SM Serveis Municipals,APARCAMENT PUBLIC,NORMAL,MENNEKES.F+Schuko,41.449138,2.190748,B:SM 41 - Galicia,,,BSM034,"Carrer de Galicia, 16",Barcelona,8,Barcelona,2,cotxe,POINT (2.190748 41.449138),512,29
GAICU,VIA PUBLICA,RAPID,CCS Combo2+ChadeMO+MENNEKES.M,41.414478,2.172243,EdRR-Mas Casanova - H Sant Pau (DC50kW AC43kW),50,AC-DC,FC007,"Carrer de Mas Casanova, 69",Barcelona,8,Barcelona,1,cotxe,POINT (2.172243 41.414478),512,29
,,semiRAPID,MENNEKES,41.59329,2.28172,EdRsR Can Muntanyola (7.5kW),7.5,AC,,"Camí del Mig, 22",Barcelona,8,Granollers,,,POINT (2.28172 41.59329),560,22
B:SM Serveis Municipals,APARCAMENT PUBLIC,NORMAL,MENNEKES.F+Schuko,41.389954,2.128284,B:SM 11 - Flos i Calcat,,,BSM004,"Carrer de Flos i Calcat, 2",Barcelona,8,Barcelona,3+1,cotxe i moto,POINT (2.128284 41.389954),512,29
TESLA,APARCAMENT HOTEL,semiRAPID,TESLA,41.186289,1.159963,TESLA Destinació - Hotel Monument Mas Passamaner (22kW),22,AC,,"Cami de la Serra, 52",Tarragona,43,La Selva del Camp,2,cotxe,POINT (1.159963 41.186289),449,39
SABA,APARCAMENT PUBLIC,NORMAL,Schuko,41.385239,2.176462,79 SABA Mercat Sta.Caterina,,,,"Avinguda  de la Catedral, 8",Barcelona,8,Barcelona,2,moto,POINT (2.176462 41.385239),512,29
,,semiRAPID i NORMAL,"2xMENNEKES,F+ 2xSchuko",40.78493,0.52571,EdRsR CC Baix Ebre-Tortosa (AC22kW) PIRVEC-25,22,AC,PIRVEC-25,"Avinguda de Barcelona, 221",Tarragona,43,Tortosa,,,POINT (0.52571 40.78493),211,40
Endesa,VIA PUBLICA,NORMAL,Schuko,41.41162,2.218508,06 AjBCN-Endesa-Forum-RamblaPrim,,,LC022,"Rambla de Prim, 19",Barcelona,8,Barcelona,2,moto,POINT (2.218508 41.41162),512,29
,,semiRAPID i NORMAL,2xMENNEKES.F+2xSchuko,40.88558,0.80385,EdRsR L'Ametlla de Mar (AC22kW),22,AC,,"Carrer Sant Joan, 57",Tarragona,17,L'Ametlla de Mar,2,,POINT (0.80385 40.88558),206,40
,,semiRAPID,2xMENNEKES.F,41.54412,1.89232,EdRsR Olesa 2 (AC22kW),22,AC,,"Carrer de Mallorca, 2",Barcelona,8,Olesa de Montserrat,,,POINT (1.89232 41.54412),699,31
,,NORMAL,MENNEKES.F+Schuko,41.37758,2.08867,Esplugues S.Magdalena,,,,"Plaça Santa Magdalena, 4",Barcelona,8,Esplugues de Llobregat,1,cotxe i moto,POINT (2.08867 41.37758),830,31
Camping,APARCAMENT CAMPING,semiRAPID i NORMAL,MENNEKES.F+Schuko,42.17743,3.10797,Camping Aquarius (AC22kW),22,AC,,Camí Vell a Sant Pere Pescador,Girona,17,Sant Pere Pescador,4,cotxe i moto,POINT (3.10797 42.17743),278,6
B:SM Serveis Municipals,APARCAMENT PUBLIC,NORMAL,MENNEKES.F+Schuko,41.4033,2.152327,B:SM 14 - Gràcia motos,,,BSM036,"Carrer Gran de Gràcia, 190",Barcelona,8,Barcelona,2,moto,POINT (2.152327 41.4033),512,29
BIMSA,VIA PUBLICA,RAPID,CCS Combo2+ChadeMO+MENNEKES.M,41.374847,2.171055,EdRR-Seu Endesa REE-TRYP APOLO  (DC50kW AC43kW),50,AC-DC,FC011,"Avinguda  Paral·lel, 55",Barcelona,8,Barcelona,1,cotxe,POINT (2.171055 41.374847),512,29
Masià,APARCAMENT CLIENTS,NORMAL,Schuko,41.6995,2.3834,Masia Can Pau Filbà,,,,Masia aïllada,Barcelona,8,Sant Pere Vilamajor,2,cotxe i moto,POINT (2.3834 41.6995),927,22
Ajuntament de  Granollers,VIA PUBLICA,NORMAL,Schuko,41.608160167,2.287309987,Aparcament Can Comas,,,,"Plaça de la Porxada, 6",Barcelona,8,Granollers,3,cotxe i moto,POINT (2.287309987 41.608160167),560,22
NIKE,APARCAMENT,semiRAPID i NORMAL,MENNEKES.F+Schuko,41.61451,2.34642,CC NIKE MegaStore La Roca Village (11kW),11,AC,,P.I. Can Massaguer Nord,Barcelona,8,La Roca del Vallès,2,,POINT (2.34642 41.61451),939,22
,,,MENNEKES.F + Schuko,41.86187,2.66255,EdRsR Santa Coloma de Farners (AC22kW),22,AC,,"Passatge Ajuntament, 16",Girona,17,Santa Coloma de Farners,2,,POINT (2.66255 41.86187),634,20
B:SM Serveis Municipals,APARCAMENT PUBLIC,NORMAL,MENNEKES.F+Schuko,41.407211,2.151497,B:SM 39 - Torrent de l'Olla,,,BSM002,"Carrer del Torrent de l'Olla, 221",Barcelona,8,Barcelona,3,cotxe,POINT (2.151497 41.407211),512,29
Ajuntament de Mataró,,RAPID,CCS Combo2+ChadeMO+MENNEKES.M,41.54943,2.43201,EdRR Mataró-Finlàndia -Mikko Kärnä- (DC50kW AC43kW),50,AC-DC,,"Carrer de Finlàndia, 2",Barcelona,8,Mataró,2,,POINT (2.43201 41.54943),701,25
Ajuntament d'Alella,VIA PUBLICA,NORMAL,Schuko,41.49187,2.295535,Riera Fosca-Riera Alella,,,,Riera Fosca-Riera Alella,Barcelona,8,Alella,2,,POINT (2.295535 41.49187),377,25
IBIL,ESTACIÓ DE SERVEI (IBIL),RAPID,CCS Combo2+ChadeMO+MENNEKES.M,41.596529,2.309376,IBIL-ES REPSOL C-352  (DC50kW AC43kW),50,AC-DC,,"Carretera de Barcelona, C-352",Barcelona,8,La Roca del Vallès,1,cotxe,POINT (2.309376 41.596529),939,22
Area Metropolitana de Barcelona,VIA PUBLICA (AMB),RAPID i NORMAL,CCS Combo2+ChadeMO+MENNEKES.M+shucko,41.41914,2.00113,EdRR Pallejà (DC50kW AC43kW) AMB7,50,AC-DC,AMB7,Ronda Santa Eulàlia-Carrer Joan Maragall,Barcelona,8,Pallejà,2,,POINT (2.00113 41.41914),711,31
B:SM Serveis Municipals,APARCAMENT PUBLIC,NORMAL,MENNEKES.F+Schuko,41.3885,2.1983,B:SM 17 - Litoral Port,,,BSM017,"Avinguda  del Litoral, 34",Barcelona,8,Barcelona,3,cotxe,POINT (2.1983 41.3885),512,29
IBIL,APARCAMENT CC (IBIL),semiRAPID i NORMAL,MENNEKES+Schuko,41.508264,2.138665,IBIL-CC Baricentro (11kW),11,AC,,"Carretera N-150 km 6,7  (Pstg.Sagrera)",Barcelona,8,Barberà del Vallès,2,cotxe i moto,POINT (2.138665 41.508264),891,26
SERVICIOS MERIDIANA,APARCAMENT PUBLIC,NORMAL,Schuko,41.408394,2.177052,115 SERVICIOS MERIDIANA,,,,"Carrer de Rosselló, 503-505",Barcelona,8,Barcelona,4,cotxe i moto,POINT (2.177052 41.408394),512,29
B:SM Serveis Municipals,APARCAMENT PUBLIC,NORMAL,Schuko,41.374588,2.14287,B:SM 45 - Vilardell,,,BAMSA012,"Carrer de Vilardell, 20",Barcelona,8,Barcelona,1,cotxe,POINT (2.14287 41.374588),512,29
GAICU,VIA PUBLICA,RAPID,CCS Combo2+ChadeMO+MENNEKES.M,41.40263,2.19475,EdRR-MediaTIC -Santiago Losada- (DC50kW AC43kW),50,AC-DC,FC016,"Carrer Roc Boronat, 117",Barcelona,8,Barcelona,1,cotxe,POINT (2.19475 41.40263),512,29
REGESA,APARCAMENT PUBLIC,NORMAL,Schuko,41.306022,2.005376,REGESA Torre Lluch,,,,"Carrer del Centre, 3",Barcelona,8,Gavà,2,cotxe i moto,POINT (2.005376 41.306022),559,31
,VIA PUBLICA,semiRAPID i NORMAL,MENNEKES.F+Schuko,41.75166,1.87694,EdRsR Sant Fruitós de Bages (AC22kW),22,AC,,"Carretera de Vic, 96",Barcelona,8,Sant Fruitós de Bages,2,cotxe i moto,POINT (1.87694 41.75166),788,18
REGESA,APARCAMENT PUBLIC,NORMAL,Schuko,41.429783,2.172896,REGESA Paul Claudel,,,,"Plaça de Paul Claudel, s/n",Barcelona,8,Barcelona,4,cotxe,POINT (2.172896 41.429783),512,29
B:SM Serveis Municipals,APARCAMENT PUBLIC,NORMAL,MENNEKES.F+Schuko,41.392246,2.128751,B:SM 9 - Cotxeres de Sarrià,,,BSM029,"Passeig de Manuel Girona, 77",Barcelona,8,Barcelona,4+2,cotxe i moto,POINT (2.128751 41.392246),512,29
Ajuntament de Beuda,APARCAMENT PUBLIC,NORMAL,Schuko,42.23771,2.71061,Ajuntament de Beuda,,,,"Carrer major, GIV-5234",Girona,17,Beuda,2,cotxe i moto,POINT (2.71061 42.23771),233,10
EMPARK,APARCAMENT PUBLIC,NORMAL,Schuko,41.118491,1.246252,Aparcament EMPARK,,,,"Rambla Nova, 124",Tarragona,43,Tarragona,1,cotxe i moto,POINT (1.246252 41.118491),230,37
Endesa,VIA PUBLICA,NORMAL,Schuko,41.375336,2.13044,18 AjBCN-Endesa,,,LC026,"Rambla Badal, 165 - Carrer de Sants",Barcelona,8,Barcelona,2,moto,POINT (2.13044 41.375336),512,29
PETREM,ESTACIÓ DE SERVEI,RAPID,CCS Combo2+ChadeMO+MENNEKES.M,42.26668,2.97318,EdRR E.S. PETREM El Molí (DC50kW AC44kW),50,AC-DC,,"Avinguda María Vilallonga, 61",Girona,17,Figueres,2,cotxe,POINT (2.97318 42.26668),191,6
AEB,VIA PUBLICA,NORMAL,Schuko,41.394203,2.123794,93 AjBCN-ETRA-COBRA,,,LC014,"Carrer d'Osi, 4",Barcelona,8,Barcelona,2,cotxe i moto,POINT (2.123794 41.394203),512,29
Hotel Estela,HOTEL,NORMAL,Schuko,41.235620309,1.826850541,Hotel Estela,,,,"Avinguda  Port d'Aiguadolç, 8",Barcelona,8,Sitges,1,moto,POINT (1.826850541 41.235620309),457,34
Aparcament MERCOLLEIDA,APARCAMENT PUBLIC,NORMAL,Schuko,41.6192746,0.636889399999973,Aparcament MERCOLLEIDA,,,,"Avinguda Tortosa,4",Lleida,25,Lleida,1,,POINT (0.6368893999999727 41.6192746),875,21
Endesa,VIA PUBLICA,NORMAL,Schuko,41.442436,2.197319,07 AjBCN-Endesa La Maquinista,,,LC033,Carrer República Dominicana - Carrer de Potosí,Barcelona,8,Barcelona,2,moto,POINT (2.197319 41.442436),512,29
CEPSA,ESTACIÓ DE SERVEI,RAPID i semiRAPID,CCS Combo2+ChadeMO+MENNEKES.M+2xMENNEKES.F+2xSchucko,41.08598,1.03674,EdRR CEPSA Cambrils (DC50kW AC43kW+AC22kW),50,AC-DC,,"Carretera Mombrió del Camp, km 2,2",Tarragona,17,Cambrils,2,,POINT (1.03674 41.08598),158,39
,VIA PUBLICA,semiRAPID,2xMENNEKES.F,42.10443,1.85188,EdRsR Berga (AC11kW),11,AC,,"Passeig de la Indústria, 13",Barcelona,8,Berga,2,,POINT (1.85188 42.10443),73,8
B:SM Serveis Municipals,APARCAMENT PUBLIC,NORMAL,MENNEKES.F+Schuko,41.385662,2.193913,B:SM 25 - P.R.Biomèdica,,,BSM026,"Carrer del Doctor Aiguader, 88",Barcelona,8,Barcelona,5+2,cotxe i moto,POINT (2.193913 41.385662),512,29
,,semiRAPID i NORMAL,MENNEKES.F+Schuko,41.51106,2.40104,EdRsR Cabrera-Burriac (AC22kW),22,AC,,"Avinguda de Burriac, 24",Barcelona,8,Cabrera de Mar,2,cotxe i moto,POINT (2.40104 41.51106),886,25
B:SM Serveis Municipals,APARCAMENT PUBLIC,NORMAL,MENNEKES.F+Schuko,41.4067,2.2184,B:SM 13 - García Fària,,,BSM012,"Passeig de Garcia Fària, 71",Barcelona,8,Barcelona,2,cotxe,POINT (2.2184 41.4067),512,29
,,semiRAPID,MENNEKES.M,41.93088,2.25542,Aparcament Xarxa Comercial,,,,"Plaça de Santa Clara, 6",Barcelona,8,Vic,1,cotxe i moto,POINT (2.25542 41.93088),912,13
Vincipark,APARCAMENT PUBLIC,NORMAL,Schuko,41.393803,2.138297,Aparcament Vincipark Ganduxer,,,,"Carrer Ganduxer, 25-27",Barcelona,8,Barcelona,4,cotxe i moto,POINT (2.138297 41.393803),512,29
Institut Català d'Energia i Ajuntament de Sant Cugat del Vallés,VIA PUBLICA,RAPID,CCS Combo2+ChadeMO+MENNEKES.M,41.4752,2.0817,EdRR Sant Cugat -Raül Romeva- QR (DC50kW AC43kW),50,AC-DC,PIRVEC-7,"Carrer de la Mina, 9",Barcelona,8,Sant Cugat del Vallès,2,cotxe,POINT (2.0817 41.4752),937,26
Ajuntament de Mataró,,semiRAPID,,41.54453,2.44115,EdRsR Mataró P Geganta (AC22kW),22,AC,,"Camí de la Geganta, 82-90",Barcelona,8,Mataró,4,,POINT (2.44115 41.54453),701,25
Aparcament Pavelló municipal,APARCAMENT PUBLIC,NORMAL,Schuko,41.64082638017494,2.398894988000393,Aparcament Pavelló municipal,,,,Passatge Riera-Carrer Collsabadell,Barcelona,8,Llinars del Vallès,1,,POINT (2.398894988000393 41.64082638017494),797,22
B:SM Serveis Municipals,APARCAMENT PUBLIC,NORMAL,MENNEKES.F+Schuko,41.426239,2.143323,B:SM 37 - Sant Genís Vall d'Hebrón,,,BSM041,"Passeig de la Vall d'Hebrón, 138-176",Barcelona,8,Barcelona,2,cotxe,POINT (2.143323 41.426239),512,29
BIMSA,VIA PUBLICA,NORMAL,Schuko,41.393227,2.145783,Lateral-Muntanya Diagonal (Travessera Gràcia) 1,,,LC047,"Avinguda Diagonal, 598",Barcelona,8,Barcelona,2,moto,POINT (2.145783 41.393227),512,29
,,,2xMENNEKES.F,41.88489,2.87476,EdRsR Cassà de la Selva (AC22kW),22,AC,,"Rambla Onze de Setembre, 107",Girona,17,Cassà de la Selva,,,POINT (2.87476 41.88489),644,14
CC Splau!,APARCAMENT CC,NORMAL,Schuko,41.348210524810646,2.078057527542114,CC Splau!,,,,"Avinguda  Baix Llobregat, 121, CC Splau!",Barcelona,8,Cornellà de Llobregat,6,cotxe,POINT (2.0780575275421143 41.348210524810646),488,31
InterAparcament,APARCAMENT CC,NORMAL,Schuko,41.392826,2.163384,104 InterAparcament Boulevard Rosa,,,,Carrer de València 270,Barcelona,8,Barcelona,2,cotxe,POINT (2.163384 41.392826),512,29
B:SM Serveis Municipals,APARCAMENT PUBLIC,NORMAL,MENNEKES.F+Schuko,41.426834,2.184219,B:SM 8 - Concepció Arenal,,,BSM009,"Carrer de Concepción Arenal, 156",Barcelona,8,Barcelona,3+1,cotxe i moto,POINT (2.184219 41.426834),512,29
B:SM Serveis Municipals,APARCAMENT PUBLIC,NORMAL,Schuko,41.390085,2.143525,B:SM 58 - Tarradelles-Sarrià,,,BAMSA009,"Avinguda  de Josep Tarradellas, 139",Barcelona,8,Barcelona,1,cotxe,POINT (2.143525 41.390085),512,29
AEB,VIA PUBLICA -VORERA,NORMAL,Schuko,41.382069,2.191673,87 AjBCN-ETRA COBRA (Vorera Associació SEBA),,,LC002,"Passeig de Salvat Papasseit, 15 - Carrer Ginebra",Barcelona,8,Barcelona,2,moto,POINT (2.191673 41.382069),512,29
TESLA,APARCAMENT HOTEL,semiRAPID,TESLA,41.82447,3.07745,TESLA Destinació - Salles Hotel & Spa Cala del Pi (22kW),22,AC,,"Av. del Cavall Bernat, 160",Girona,17,Platja d'Aro,1,cotxe,POINT (3.07745 41.82447),749,16
GAICU,VIA PUBLICA,semiRAPID i NORMAL,MENNEKES.F+Schuko,41.433956,2.192101,(eDUM) Sant Adrià - Pl. Can Fabra (7.4kW),7.5,AC,QC002,"Carrer de Sant Adrià, 21",Barcelona,8,Barcelona,2,mercaderies,POINT (2.192101 41.433956),512,29
GAICU,VIA PUBLICA,RAPID,CCS Combo2+ChadeMO+MENNEKES.M,41.401313,2.122488,EdRR-Via Augusta-Bonanova (DC50kW AC43kW),50,AC-DC,FC002,"Via Augusta, 352",Barcelona,8,Barcelona,1,cotxe,POINT (2.122488 41.401313),512,29
Institut Català d'Energia i Ajuntament d'Olot,,RAPID,CCS Combo2+ChadeMO+MENNEKES.M,42.16753,2.47319,EdRR Olot 1 La Solfa (DC50kW AC22kW) PIRVEC-16,50,AC-DC,PIRVEC-16,"Carrer Madrid, 220",Girona,17,Olot,2,,POINT (2.47319 42.16753),294,10
Aparcament La Farola,APARCAMENT PUBLIC,NORMAL,Schuko,41.7287941,1.8245564,Aparcament La Farola,,,,"Carrer de Canyelles, 5",Barcelona,8,Manresa,2,cotxe i moto,POINT (1.8245564 41.7287941),877,18
Gasolis Rivera,ESTACIÓ DE SERVEI,NORMAL,MENNEKES.F+Schuko,41.62463,2.17126,Gasoils Rovira,,,,"Carrer de Josep Calvo, 7",Barcelona,8,Caldes de Montbui,2,cotxe i moto,POINT (2.17126 41.62463),758,22
Hotel Don Cándido,APARCAMENT HOTEL,NORMAL,MENNEKES.F+Schuko,41.552551,2.008381,Hotel Don Cándido,,,,"Carrer Rambleta Pare Alegre, 98",Barcelona,8,Terrassa,3,cotxe i moto,POINT (2.008381 41.552551),862,26
TESLA,APARCAMENT HOTEL,semiRAPID,TESLA,42.13143,3.12174,TESLA Destinació - Hotel Empuries (11kW),11,AC,,"Avinguda Pi i Llusà, Platja",Girona,17,Empuries,2,cotxe,POINT (3.12174 42.13143),70,6
,,RAPID,CCS Combo2+ChadeMO+MENNEKES.M,42.35894,1.46321,EdRR La Seu d'Urgell (DC50kW AC43kW),50,AC-DC,,Avinguda Cami Ral de Cerdanya,Lleida,25,La Seu d'Urgell,2,cotxe,POINT (1.46321 42.35894),387,5
Institut Català d'Energia i Ajuntament de Cabrera de Mar,VIA PUBLICA,RAPID,CCS Combo2+ChadeMO+MENNEKES.M,41.5261,2.39407,EdRR Cabrera  (DC50kW AC43kW),50,AC-DC,PIRVEC-2,Plaça de la Fàbrica,Barcelona,8,Cabrera de Mar,2,cotxe,POINT (2.39407 41.5261),886,25
AEB,VIA PUBLICA,NORMAL,Schuko,41.359982,2.133193,89 AjBCN-ETRA-COBRA,,,LC009,"Carretera del Prat, 42",Barcelona,8,Barcelona,2,cotxe i moto,POINT (2.133193 41.359982),117,29
Ajuntament de Banyoles,VIA PUBLICA,NORMAL,Schuko,42.119119,2.764798,Plaça Servites- Museu Darder,,,,"Carrer Josep Maria Bohigas, 11",Girona,17,Banyoles,1,cotxe i moto,POINT (2.764798 42.119119),57,11
TESLA,APARCAMENT HOTEL,semiRAPID,TESLA,41.52733,2.3107,"TESLA Destinació - Mas Salagros, Ecoresort & Ancient Baths (22kW)",22,AC,,"Riera de Vallromanes, S/N",Barcelona,8,Vallromanes,1,cotxe,POINT (2.3107 41.52733),910,22
SABA,APARCAMENT PUBLIC,NORMAL,Schuko,41.411869,2.132823,80 SABA Cosmocaixa,,,,"Carrer dels Quatre Camins, 89",Barcelona,8,Barcelona,2,cotxe,POINT (2.132823 41.411869),512,29
,,semiRAPID,Schuko i MENNEKES.F,41.60831,0.63275,CC PlusFresc Lleida (7.5kW),7.5,AC,,"Avinguda de Barcelona, 65",Lleida,25,Lleida,2,,POINT (0.63275 41.60831),875,21
,,semiRAPID i NORMAL,MENNEKES.F+Schuko,42.30895,3.01289,EdRsR Peralada (AC22kW),22,AC,,"Camí de la Garriga, 3",Barcelona,8,Peralada,2,,POINT (3.01289 42.30895),238,6
,,semiRAPID,2xMENNEKES.F,41.42394,1.78662,EdRsR Ajuntament de Sant Sadurní d'Anoia (AC7.5kW),7.5,AC,,"Carrer de Sant Antoni, 20-26",Barcelona,8,Sant Sadurní d'Anoia,,,POINT (1.78662 41.42394),918,32
B:SM Serveis Municipals,APARCAMENT PUBLIC,NORMAL,MENNEKES.F+Schuko,41.442055,2.177675,B:SM 31 - Plaça Francesc Layret,,,BSM022,"Via Júlia, 95",Barcelona,8,Barcelona,3+1,cotxe i moto,POINT (2.177675 41.442055),512,29
,APARCAMENT PUBLIC,NORMAL,Schuko,41.588539,2.580349,Aparcament Mercury,,,,"Riera Gavarra, 12",Barcelona,8,Canet de Mar,1,cotxe o moto,POINT (2.580349 41.588539),618,25
,,semiRAPID i NORMAL,MENNEKES.F+Schuko,41.5067,2.14816,Fenie Ripollet,,,,"Avinguda del Mediterrani, 2",Barcelona,8,Ripollet,2,cotxe i moto,POINT (2.14816 41.5067),571,26
REGESA,APARCAMENT PUBLIC,NORMAL,Schuko,41.392242,2.139655,72 REGESA Wagner,,,,"Plaça de Wagner, s/n",Barcelona,8,Barcelona,4,cotxe,POINT (2.139655 41.392242),512,29
B:SM Serveis Municipals,APARCAMENT PUBLIC,NORMAL,MENNEKES.F+Schuko,41.372299,2.153134,B:SM 35 - Rius i Taulet,,,BSM016,"Avinguda  de Rius i Taulet, 4-12",Barcelona,8,Barcelona,3+3,cotxe i moto,POINT (2.153134 41.372299),512,29
B:SM Serveis Municipals,APARCAMENT PUBLIC,NORMAL,Schuko,41.4047,2.1896,B:SM 24 - Ona Glòries,,,BSM037,"Carrer de la Ciutat de Granada, 173-175",Barcelona,8,Barcelona,4,cotxe,POINT (2.1896 41.4047),512,29
,,semiRAPID,2xMENNEKES.F,42.02845,2.88814,EdRsR Celrà (AC22kW),22,AC,,Carrer de Just Puig (Canigó-Aumet),Girona,17,Celrà,,,POINT (2.88814 42.02845),126,14
Gintra-Ap.Plaça Granollers,APARCAMENT PUBLIC,NORMAL,Schuko,41.540844099,2.43629352,Gintra-Ap.Plaça Granollers,,,,"Camí de la Geganta, 117",Barcelona,8,Mataró,1,,POINT (2.43629352 41.540844099),701,25
L'H2010,APARCAMENT CC,NORMAL,Schuko,41.374238291,2.119582102,CC BCN-Mercat de Collblanc,,,,"Carrer Progrès, 33",Barcelona,8,L'Hospitalet de Llobregat,6,,POINT (2.119582102 41.374238291),117,29
B:SM Serveis Municipals,APARCAMENT PUBLIC,NORMAL,MENNEKES.F+Schuko,41.406731,2.133691,B:SM 27 - Plaça Bonanova,,,BSM005,"Plaça de la Bonanova, 12",Barcelona,8,Barcelona,3+1,cotxe i moto,POINT (2.133691 41.406731),512,29
TESLA,APARCAMENT HOTEL,semiRAPID,TESLA,41.38537,2.15675,TESLA Destinació - Hotel Acevi Villarroel (11kW),11,AC,,"Carrer Villaroel, 106",Barcelona,8,Barcelona,1,cotxe,POINT (2.15675 41.38537),512,29
Institut Català d'Energia i Ajuntament de Santa Perpètua de Mogoda,,RAPID,CCS Combo2+ChadeMO+MENNEKES.M,41.52752,2.18587,EdRR Sta.Perpetua de Mogoda -Jordi Cuixart- (DC50kW AC43kW+AC22kW) PIRVEC-12,50,AC-DC,PIRVEC-12,Passeig de la Florida-Avinguda Onze de setembre,Barcelona,8,Santa Perpetua de la Mogoda,2,,POINT (2.18587 41.52752),682,26
CC Sant Cugat,APARCAMENT CC,semiRAPID i NORMAL,MENNEKES.F+Schuko,41.4831,2.05401,EdRsR CC Sant Cugat (AC22kW),22,AC,,"Avinguda de la Via Augusta, 2-14",Barcelona,8,Sant Cugat del Vallès,4,cotxe i moto,POINT (2.05401 41.4831),937,26
Ajuntament de Vic,APARCAMENT PUBLIC,NORMAL,J1772.F+Schuko,41.933947446794036,2.260239869356155,IES-VIC Aparcament (J1772),,,,Carrer Jose Maria Sert s/n,Barcelona,8,Vic,2+2,moto i cotxe,POINT (2.2602398693561554 41.933947446794036),912,13
,,semiRAPID i NORMAL,MENNEKES.F+Schuko,41.1943,1.62413,EdRsR Cunit (AC22kW),22,AC,,"Avinguda Sitges, 4A",Tarragona,17,Cunit,2,,POINT (1.62413 41.1943),425,33
"IBERDROLA SERVICIOS ENERGETICOS, SAU",VIA PUBLICA,NORMAL,Schuko,41.393854,2.108432,108 MOBECPOINT-IESE Pearson,,,LC038,"Avinguda  de Pearson, 19",Barcelona,8,Barcelona,10,moto,POINT (2.108432 41.393854),512,29
Ajuntament de Lloret de Mar,VIA PUBLICA,semiRAPID i NORMAL,MENNEKES.F+Schuko,41.698525,2.8477586,Ajuntament de Lloret de Mar,,,,"Passeig d'Agustí Font,2, Ajuntament",Girona,17,Lloret de Mar,2,cotxe i moto,POINT (2.8477586 41.698525),751,20
,APARCAMENT PUBLIC,NORMAL,Schuko,41.78188,1.83677,Aparcament Cal Llobet-Selba,,,,"Carrer Roger de Flor, 11",Barcelona,8,Santpedor,,cotxe i moto,POINT (1.83677 41.78188),770,18
B:SM Serveis Municipals,APARCAMENT PUBLIC,NORMAL,Schuko,41.382126,2.168188,B:SM 50 - Plaça dels Àngels,,,BAMSA005,"Carrer dels Àngels, 1",Barcelona,8,Barcelona,3,cotxe o moto,POINT (2.168188 41.382126),512,29
Circuit de Catalunya i TESLA,APARCAMENT CIRCUIT,semiRAPID,TESLA+MENNEKES.M,41.57015,2.25876,Circuit Barcelona-Catalunya (22kW),22,AC,,Mas de la Moreneta,Barcelona,8,Montmeló,3,cotxe,POINT (2.25876 41.57015),736,22
,VIA PUBLICA,NORMAL,Schuko,41.377108,2.119567,AjBCN-Pintor Tapiró,,,,Pintor Tapiró 2-6 - Travessera de les Corts,Barcelona,8,Barcelona,2,moto,POINT (2.119567 41.377108),512,29
HOTEL NH CONSTANZA,HOTEL,NORMAL,Schuko,41.38455,2.137671299999965,HOTEL NH NUMANCIA,,,,"Carrer de Numància, 74",Barcelona,8,Barcelona,1,,POINT (2.1376712999999654 41.38455),512,29
IBIL,ESTACIÓ DE SERVEI (IBIL),RAPID,CCS Combo2+ChadeMO+MENNEKES.M,42.025269,2.865046,IBIL ES REPSOL-Celrà (DC50kW AC43kW),50,AC-DC,,"Carretera C-66, km 30,5",Girona,17,Celrà,1,cotxe,POINT (2.865046 42.025269),126,14
TESLA Hotel Ibis,APARCAMENT HOTEL,superRAPID,TESLA,41.66405,0.60536,TESLA Supercarregador - Hotel IBIS Styles Torrefarrera (120kW),120,DC,,"Carrer La Variant S/N, Autovia A2 Salida 461",Lleida,25,Torrefarrera,6,cotxe,POINT (0.60536 41.66405),632,21
Area Metropolitana de Barcelona,VIA PUBLICA (AMB),RAPID i NORMAL,CCS Combo2+ChadeMO+MENNEKES.M+shucko,41.35382,2.12245,EdRR L'Hospitalet (AMB)(DC50kW AC43kW) AMB6,50,AC-DC,AMB6,"Carrer de Salvador Espriu, 59",Barcelona,8,L'Hospitalet de Llobregat,4,cotxe i moto,POINT (2.12245 41.35382),117,29
Endesa,VIA PUBLICA,NORMAL,Schuko,41.387074,2.17142,23 AjBCN-Endesa Fontanella-Pl.Catalunya,,,LC006,"Carrer de Fontanella, 1",Barcelona,8,Barcelona,2,moto,POINT (2.17142 41.387074),512,29
Aparcament Vapor Turull,APARCAMENT PUBLIC,NORMAL,Schuko,41.549386309,2.111784403,Aparcament Vapor Turull,,,,Carrer de la Creueta,Barcelona,8,Sabadell,1,,POINT (2.111784403 41.549386309),660,26
,,semiRAPID,2xMENNEKES.F,41.23965,1.8019,EdRsR Sitges (AC22kW),22,AC,,"Carrer de Víctor Balaguer, 13",Barcelona,8,Sitges,2,cotxe i moto,POINT (1.8019 41.23965),457,34
Endesa,VIA PUBLICA,NORMAL,Schuko,41.408447,2.202893,08 AjBCN-Endesa,,,LC021,"Carrer de Cristóbal de Moura,24 - Carrer de Bac de Roda",Barcelona,8,Barcelona,2,moto,POINT (2.202893 41.408447),512,29
TESLA,APARCAMENT HOTEL,semiRAPID,TESLA,41.349032,1.66672,TESLA Destinació - Bodegas Torres Visitors Centre (22kW),22,AC,,"Finca El Maset, S/N",Barcelona,8,Pachs del Penedès,2,cotxe,POINT (1.66672 41.349032),33,32
,,RAPID,CCS Combo2+ChadeMO+MENNEKES.M,40.7949,0.52572,EdRsR-EdRR CC Baix Ebre-Tortosa (DC28kW AC22kW) PIRVEC-26,28,AC-DC,PIRVEC-26,"Avinguda de Barcelona, 221",Tarragona,43,Tortosa,,,POINT (0.52572 40.7949),211,40
Institut Català d'Energia i Ajuntament de Mataró,,semiRAPID,2xMENNEKES.F,41.53969,2.42597,EdRsR Mataró Gatassa (AC22kW),22,AC,,"Avinguda de la Gatassa, 130",Barcelona,8,Mataró,4,,POINT (2.42597 41.53969),701,25
,,,4xMENNKES.F,41.41297,2.01392,EdRsR Molins de Rei (AC22kW),22,AC,,Plaça de la Llibertat,Barcelona,8,Molins de Rei,4,,POINT (2.01392 41.41297),723,31
ENGESTUR,APARCAMENT CC,NORMAL,Schuko,41.443979302,2.238902041,CC BCN-Països Catalans,,,,Plaça dels Països Catalans,Barcelona,8,Badalona,6,,POINT (2.238902041 41.443979302),531,29
B:SM Serveis Municipals,APARCAMENT PUBLIC,NORMAL,MENNEKES.F+Schuko,41.3744,2.1597,B:SM 33 - Plaça Navas,,,BSM033,"Carrer de Jaume Fabra, 12",Barcelona,8,Barcelona,3+2,cotxe i moto,POINT (2.1597 41.3744),512,29
B:SM Serveis Municipals,APARCAMENT PUBLIC,NORMAL,MENNEKES.F+Schuko,41.381547,2.170166,B:SM 5 - Boqueria,,,BSM001,Carrer de les Floristes de la Rambla-Plaça Gardunya 8S,Barcelona,8,Barcelona,9,cotxe,POINT (2.170166 41.381547),512,29
Aparcament Dr.Roig i Raventós,APARCAMENT PUBLIC,NORMAL,Schuko,41.4035393,2.130069,Aparcament Dr.Roig i Raventós (P-1),,,,"Carrer Dalmases, 76 B",Barcelona,8,Barcelona,1,,POINT (2.130069 41.4035393),512,29
GRAMEPARK,APARCAMENT CC,NORMAL,Schuko,41.451025,2.209483,Aparcament GRAMEPARK,,,,"Rambla de Sant Sebastià,2",Barcelona,8,Santa Coloma de Gramenet,9,cotxe i moto,POINT (2.209483 41.451025),916,29
BIMSA,VIA PUBLICA,RAPID,CCS Combo2+ChadeMO+MENNEKES.M,41.393773,2.149196,EdRRx2-Diagonal Aribau  (DC50kW AC43kW),50,AC-DC,FC012,"Avinguda Diagonal, 445-447",Barcelona,8,Barcelona,1,cotxe,POINT (2.149196 41.393773),512,29
GAICU,VIA PUBLICA,RAPID,CCS Combo2+ChadeMO+MENNEKES.M,41.44128,2.16499,EdRR-Mercat Canyelles-Rda Dalt (DC50kW AC43kW),50,AC-DC,FC006,"Via Favència, 21",Barcelona,8,Barcelona,1,cotxe,POINT (2.16499 41.44128),512,29
Estabanell y Pahisa,VIA PUBLICA (codiQR),NORMAL,Schuko,41.60961924,2.28509905,EP-Seu Estabanell y Pahisa GRN,,,,"Carrer Rec, 22-28",Barcelona,8,Granollers,1,cotxe,POINT (2.28509905 41.60961924),560,22
,APARCAMENT HOTEL,semiRAPID,TESLA,41.39619,2.16095,TESLA Destinació - Hotel OMM (11kW),11,AC,,"Carrer del Rosselló, 265",Barcelona,8,Barcelona,,,POINT (2.16095 41.39619),512,29
Ajuntament de Rubí,,RAPID i semiRAPID,CCS Combo2+ChadeMO+MENNEKES.M+2xMENNEKES.F+2xSchucko,41.48569,2.03037,EdRR Rubí FORMA -Joan Miró- (DC50kW AC43kW),50,AC-DC,,Rambleta Joan Miró,Barcelona,8,Rubí,5,cotxe i moto,POINT (2.03037 41.48569),908,26
Endesa,VIA PUBLICA,NORMAL,Schuko,41.444744,2.174166,04 AjBCN-Endesa,,,LC017,"Via Favència, 169 - Almansa",Barcelona,8,Barcelona,2,moto,POINT (2.174166 41.444744),512,29
BIMSA,VIA PUBLICA,NORMAL,Schuko,41.394502,2.152313,Lateral-Mar Diagonal (Aribau-Enric Granados) 2,,,LC044,"Avinguda Diagonal, 429",Barcelona,8,Barcelona,2,moto,POINT (2.152313 41.394502),512,29
Cal Pesolet,APARCAMENT,NORMAL,Schuko i MENNEKES.F,42.3454867330786,1.76810145378,Cal Pesolet - Casa rural Ecològica,,,,Nèfol,Lleida,25,Bellver de Cerdanya,1,cotxe i moto,POINT (1.76810145378 42.3454867330786),343,4
AMERSAM,APARCAMENT PUBLIC,NORMAL,MENNEKES.F+Schuko,41.155844,1.101972,Aparcament Oques,,,,"Passeig de Sunyer, 5",Tarragona,43,Reus,4,cotxe i moto,POINT (1.101972 41.155844),421,39
,,semiRAPID,Schuko i MENNEKES.F,41.84843,2.39057,EdRsR Viladrau (AC22kW),22,AC,,"Carrer Balcells i Morató, 3",Girona,17,Viladrau,2,,POINT (2.39057 41.84843),652,13
IBIL,APARCAMENT CC (IBIL),semiRAPID i NORMAL,MENNEKES+Schuko,41.5643087913205,2.035557925701141,IBIL-CC Eroski Terrassa-Viena (11kW),11,AC,,"Carrer Navarra, 6",Barcelona,8,Terrassa,2,cotxe,POINT (2.0355579257011414 41.5643087913205),862,26
GAICU,VIA PUBLICA,semiRAPID,MENNEKES.F,41.406959,2.218313,(eTAXI) Garcia i Fària - Josep Pla (7.4kW),7.5,AC,QC005,"Carrer Josep Pla-Passeig Garcia Fària, 87",Barcelona,8,Barcelona,2,taxi,POINT (2.218313 41.406959),512,29
Area Metropolitana de Barcelona,VIA PUBLICA (AMB),RAPID,CCS Combo2+ChadeMO+MENNEKES.M,41.3532641,2.0897608,EdRR Cornellà de Llobregat (DC50kW AC44kW) AMB2,50,AC-DC,AMB2,Carrer de Baltasar Oriol i Mercer-Avinguda de la Porta Diagonal,Barcelona,8,CORNELLÀ DE LLOBREGAT,1,cotxe,POINT (2.0897608 41.3532641),488,31
Endesa,VIA PUBLICA,NORMAL,Schuko,41.380928,2.142103,25 AjBCN-Endesa-Sants,,,LC010,"Avinguda  de Josep Tarradellas, 1",Barcelona,8,Barcelona,2,moto,POINT (2.142103 41.380928),512,29
Ajuntament de Mollet,,semiRAPID i NORMAL,MENNEKES.F+Schuko,41.53721,2.21108,EdRsR Mollet -Josep Rull- (AC22kW),22,AC,,"Avinguda Burgos, 37",Barcelona,8,Mollet del Vallès,2,cotxe i moto,POINT (2.21108 41.53721),703,22
Ajuntament de Girona,VIA PUBLICA,NORMAL,Schuko,41.98145668149892,2.823227494955063,Girona- Pl.Catalunya (S-W),,,,"Plaça Catalunya, 24",Girona,17,Girona,1,,POINT (2.823227494955063 41.98145668149892),133,14
AMERSAM,APARCAMENT PUBLIC,NORMAL,MENNEKES.F+Schuko,41.158966,1.106615,Aparcament Llibertat,,,,Plaça Llibertat,Tarragona,43,Reus,4,cotxe i moto,POINT (1.106615 41.158966),421,39
PETREM,ESTACIÓ DE SERVEI,RAPID,CCS Combo2+ChadeMO+MENNEKES.M,42.23124,2.95607,EdRR E.S. PETREM Santa Llogaia (DC50kW AC44kW),50,AC-DC,,"Carretera N-IIa, 1",Girona,17,Santa Llogaia d'Àlguema,2,cotxe,POINT (2.95607 42.23124),365,6
ALBET i NOYA vinyes,COMERÇ,semiRAPID i NORMAL,MENNEKES.F+Schuko,41.384744,1.806303,Albet i Noya,,,,"Can Vendrell, s/n, Sant Pau d'Ordal",Barcelona,8,Subirats,2,cotxe i moto,POINT (1.806303 41.384744),778,32
Endesa,VIA PUBLICA,NORMAL,Schuko,41.388088,2.107004,21 AjBCN-Endesa,,,LC029,"Carretera d'Esplugues, 52 - Carrer Eduard Toldra",Barcelona,8,Barcelona,2,moto,POINT (2.107004 41.388088),512,29
